Date,Sequential_Number,Mitzvah_Type_Number,Summary,Sefaria_Link
2025-10-20,1,Intro 1,Introduction to Counting the Mitzvot,https://www.sefaria.org/Sefer_HaMitzvot%2C_Shorashim.1?lang=bi
2025-10-21,2,Intro 2,Principle 1: Not to count rabbinic commandments,https://www.sefaria.org/Sefer_HaMitzvot%2C_Shorashim.2?lang=bi
2025-10-22,3,Intro 3,Principle 2: Not to count derived laws,https://www.sefaria.org/Sefer_HaMitzvot%2C_Shorashim.3?lang=bi
2025-10-23,4,Intro 4,Principle 3: Not to count temporary commandments,https://www.sefaria.org/Sefer_HaMitzvot%2C_Shorashim.4?lang=bi
2025-10-24,5,Intro 5,Principle 4: Not to count general Torah commands,https://www.sefaria.org/Sefer_HaMitzvot%2C_Shorashim.5?lang=bi
2025-10-25,6,Intro 6,Principle 5: Not to count reasons as separate mitzvot,https://www.sefaria.org/Sefer_HaMitzvot%2C_Shorashim.6?lang=bi
2025-10-26,7,Intro 7,Principle 6: Count positive and negative parts separately,https://www.sefaria.org/Sefer_HaMitzvot%2C_Shorashim.7?lang=bi
2025-10-27,8,Intro 8,Principle 7: Not to count details of commandments,https://www.sefaria.org/Sefer_HaMitzvot%2C_Shorashim.8?lang=bi
2025-10-28,9,Intro 9,Principle 8: Not to count negation of positive commandments,https://www.sefaria.org/Sefer_HaMitzvot%2C_Shorashim.9?lang=bi
2025-10-29,10,Intro 10,"Principle 9: Count the substance, not the statements",https://www.sefaria.org/Sefer_HaMitzvot%2C_Shorashim.10?lang=bi
2025-10-30,11,Intro 11,Principle 10: Not to count preliminaries,https://www.sefaria.org/Sefer_HaMitzvot%2C_Shorashim.11?lang=bi
2025-10-31,12,Intro 12,Principle 11: Not to count parts of unified commandments,https://www.sefaria.org/Sefer_HaMitzvot%2C_Shorashim.12?lang=bi
2025-11-01,13,Intro 13,Principle 12: Not to count parts of work processes,https://www.sefaria.org/Sefer_HaMitzvot%2C_Shorashim.13?lang=bi
2025-11-02,14,Intro 14,"Principle 13: Count by substance, not by repetition",https://www.sefaria.org/Sefer_HaMitzvot%2C_Shorashim.14?lang=bi
2025-11-03,15,Positive 1,That is the command that He commanded us to believe in God,https://www.sefaria.org/Sefer_HaMitzvot%2C_Positive_Commandments.1?lang=bi
2025-11-03,16,Positive 2,This is the command that he commanded us about belief in [God's] unity,https://www.sefaria.org/Sefer_HaMitzvot%2C_Positive_Commandments.2?lang=bi
2025-11-04,17,Positive 3,This is the command that he commanded us about belief in [God's] unity,https://www.sefaria.org/Sefer_HaMitzvot%2C_Positive_Commandments.3?lang=bi
2025-11-04,18,Positive 4,"To to believe in His awe, may He be exalted, and to be afraid of Him",https://www.sefaria.org/Sefer_HaMitzvot%2C_Positive_Commandments.4?lang=bi
2025-11-05,19,Positive 5,"To about loving Him, may He be exalted",https://www.sefaria.org/Sefer_HaMitzvot%2C_Positive_Commandments.5?lang=bi
2025-11-05,20,Positive 6,"To to associate with the sages, to gather with them and to constantly be invo...",https://www.sefaria.org/Sefer_HaMitzvot%2C_Positive_Commandments.6?lang=bi
2025-11-06,21,Positive 7,"To to believe in His awe, may He be exalted, and to be afraid of Him",https://www.sefaria.org/Sefer_HaMitzvot%2C_Positive_Commandments.7?lang=bi
2025-11-06,22,Positive 8,"To to imitate Him, may He be exalted, according to our ability",https://www.sefaria.org/Sefer_HaMitzvot%2C_Positive_Commandments.8?lang=bi
2025-11-07,23,Positive 9,That is that we are commanded to serve Him,https://www.sefaria.org/Sefer_HaMitzvot%2C_Positive_Commandments.9?lang=bi
2025-11-07,24,Positive 10,To to read the recitation of Shema in the evening and the morning,https://www.sefaria.org/Sefer_HaMitzvot%2C_Positive_Commandments.10?lang=bi
2025-11-08,25,Positive 11,"To to associate with the sages, to gather with them and to constantly be invo...",https://www.sefaria.org/Sefer_HaMitzvot%2C_Positive_Commandments.11?lang=bi
2025-11-08,26,Positive 12,To to put on the head tefillin,https://www.sefaria.org/Sefer_HaMitzvot%2C_Positive_Commandments.12?lang=bi
2025-11-09,27,Positive 13,To to swear by His name when it is necessary to ratify something or to deny it,https://www.sefaria.org/Sefer_HaMitzvot%2C_Positive_Commandments.13?lang=bi
2025-11-09,28,Positive 14,To to make tzitzit (fringes),https://www.sefaria.org/Sefer_HaMitzvot%2C_Positive_Commandments.14?lang=bi
2025-11-10,29,Positive 15,"To to imitate Him, may He be exalted, according to our ability",https://www.sefaria.org/Sefer_HaMitzvot%2C_Positive_Commandments.15?lang=bi
2025-11-10,30,Positive 16,To to assemble the people on the second day of Sukkot at the end of the sabba...,https://www.sefaria.org/Sefer_HaMitzvot%2C_Positive_Commandments.16?lang=bi
2025-11-11,31,Positive 17,To to sanctify His name,https://www.sefaria.org/Sefer_HaMitzvot%2C_Positive_Commandments.17?lang=bi
2025-11-11,32,Positive 18,To that every man among us should write a Torah scroll for himself,https://www.sefaria.org/Sefer_HaMitzvot%2C_Positive_Commandments.18?lang=bi
2025-11-12,33,Positive 19,To to read the recitation of Shema in the evening and the morning,https://www.sefaria.org/Sefer_HaMitzvot%2C_Positive_Commandments.19?lang=bi
2025-11-12,34,Positive 20,"That is that we were commanded to build a choice house for Divine service, in...",https://www.sefaria.org/Sefer_HaMitzvot%2C_Positive_Commandments.20?lang=bi
2025-11-13,35,Positive 21,To to study Torah and to teach it,https://www.sefaria.org/Sefer_HaMitzvot%2C_Positive_Commandments.21?lang=bi
2025-11-13,36,Positive 22,"To to guard the Temple and to constantly walk around it, to honor it, to exal...",https://www.sefaria.org/Sefer_HaMitzvot%2C_Positive_Commandments.22?lang=bi
2025-11-14,37,Positive 23,To to put on the head tefillin,https://www.sefaria.org/Sefer_HaMitzvot%2C_Positive_Commandments.23?lang=bi
2025-11-14,38,Positive 24,That is that He commanded the priests to wash their hands and their feet any ...,https://www.sefaria.org/Sefer_HaMitzvot%2C_Positive_Commandments.24?lang=bi
2025-11-15,39,Positive 25,To to put on the hand tefillin,https://www.sefaria.org/Sefer_HaMitzvot%2C_Positive_Commandments.25?lang=bi
2025-11-15,40,Positive 26,That is that He commanded the priests to bless Israel,https://www.sefaria.org/Sefer_HaMitzvot%2C_Positive_Commandments.26?lang=bi
2025-11-16,41,Positive 27,To to make tzitzit (fringes),https://www.sefaria.org/Sefer_HaMitzvot%2C_Positive_Commandments.27?lang=bi
2025-11-16,42,Positive 28,That is that He commanded the priests to burn incense every day twice on the ...,https://www.sefaria.org/Sefer_HaMitzvot%2C_Positive_Commandments.28?lang=bi
2025-11-17,43,Positive 29,To to make a mezuzah,https://www.sefaria.org/Sefer_HaMitzvot%2C_Positive_Commandments.29?lang=bi
2025-11-17,44,Positive 30,That is that He commanded the priests to remove the ashes from off the altar ...,https://www.sefaria.org/Sefer_HaMitzvot%2C_Positive_Commandments.30?lang=bi
2025-11-18,45,Positive 31,To to assemble the people on the second day of Sukkot at the end of the sabba...,https://www.sefaria.org/Sefer_HaMitzvot%2C_Positive_Commandments.31?lang=bi
2025-11-18,46,Positive 32,"To to honor the seed of Aharon, to adorn and glorify them, and that we should...",https://www.sefaria.org/Sefer_HaMitzvot%2C_Positive_Commandments.32?lang=bi
2025-11-19,47,Positive 33,And that is that He commanded us that any king from our nation that sits on t...,https://www.sefaria.org/Sefer_HaMitzvot%2C_Positive_Commandments.33?lang=bi
2025-11-19,48,Positive 34,"That is that He commanded the priests to carry the ark on their shoulders, wh...",https://www.sefaria.org/Sefer_HaMitzvot%2C_Positive_Commandments.34?lang=bi
2025-11-20,49,Positive 35,To that every man among us should write a Torah scroll for himself,https://www.sefaria.org/Sefer_HaMitzvot%2C_Positive_Commandments.35?lang=bi
2025-11-20,50,Positive 36,"And that is that He commanded us that the priests serve in watches, each watc...",https://www.sefaria.org/Sefer_HaMitzvot%2C_Positive_Commandments.36?lang=bi
2025-11-21,51,Positive 37,To to bless Him after eating,https://www.sefaria.org/Sefer_HaMitzvot%2C_Positive_Commandments.37?lang=bi
2025-11-21,52,Positive 38,That is that He commanded a high priest to marry a virgin,https://www.sefaria.org/Sefer_HaMitzvot%2C_Positive_Commandments.38?lang=bi
2025-11-22,53,Positive 39,"That is that we were commanded to build a choice house for Divine service, in...",https://www.sefaria.org/Sefer_HaMitzvot%2C_Positive_Commandments.39?lang=bi
2025-11-22,54,Positive 40,To that the high priest offer a regular grain offering every day in the morni...,https://www.sefaria.org/Sefer_HaMitzvot%2C_Positive_Commandments.40?lang=bi
2025-11-23,55,Positive 41,"To to fear this Temple very much, to the extent that we place a burden of fea...",https://www.sefaria.org/Sefer_HaMitzvot%2C_Positive_Commandments.41?lang=bi
2025-11-23,56,Positive 42,That is that He commanded to offer a sacrifice on every Rosh Chodesh (first d...,https://www.sefaria.org/Sefer_HaMitzvot%2C_Positive_Commandments.42?lang=bi
2025-11-24,57,Positive 43,"To to guard the Temple and to constantly walk around it, to honor it, to exal...",https://www.sefaria.org/Sefer_HaMitzvot%2C_Positive_Commandments.43?lang=bi
2025-11-24,58,Positive 44,That is that He commanded to offer the grain offering of the omer,https://www.sefaria.org/Sefer_HaMitzvot%2C_Positive_Commandments.44?lang=bi
2025-11-25,59,Positive 45,And that is that only the Levites were commanded to serve in the Temple in sp...,https://www.sefaria.org/Sefer_HaMitzvot%2C_Positive_Commandments.45?lang=bi
2025-11-25,60,Positive 46,To to bring two breads of chametz to the Temple with the sacrifices that come...,https://www.sefaria.org/Sefer_HaMitzvot%2C_Positive_Commandments.46?lang=bi
2025-11-26,61,Positive 47,That is that He commanded the priests to wash their hands and their feet any ...,https://www.sefaria.org/Sefer_HaMitzvot%2C_Positive_Commandments.47?lang=bi
2025-11-26,62,Positive 48,That is that He commanded to offer an additional sacrifice on the tenth day o...,https://www.sefaria.org/Sefer_HaMitzvot%2C_Positive_Commandments.48?lang=bi
2025-11-27,63,Positive 49,That is that He commanded the priests to kindle the lamps regularly in front ...,https://www.sefaria.org/Sefer_HaMitzvot%2C_Positive_Commandments.49?lang=bi
2025-11-27,64,Positive 50,That is that He commanded to offer an additional sacrifice on the holiday of ...,https://www.sefaria.org/Sefer_HaMitzvot%2C_Positive_Commandments.50?lang=bi
2025-11-28,65,Positive 51,That is that He commanded the priests to bless Israel,https://www.sefaria.org/Sefer_HaMitzvot%2C_Positive_Commandments.51?lang=bi
2025-11-28,66,Positive 52,To to ascend to the Temple three times a year,https://www.sefaria.org/Sefer_HaMitzvot%2C_Positive_Commandments.52?lang=bi
2025-11-29,67,Positive 53,That is that he commanded us to place the bread of display always in front of...,https://www.sefaria.org/Sefer_HaMitzvot%2C_Positive_Commandments.53?lang=bi
2025-11-29,68,Positive 54,To to rejoice in the the festivals,https://www.sefaria.org/Sefer_HaMitzvot%2C_Positive_Commandments.54?lang=bi
2025-11-30,69,Positive 55,That is that He commanded the priests to burn incense every day twice on the ...,https://www.sefaria.org/Sefer_HaMitzvot%2C_Positive_Commandments.55?lang=bi
2025-11-30,70,Positive 56,To to eat the lamb of the Pesach-offering on the night of the fifteenth of Ni...,https://www.sefaria.org/Sefer_HaMitzvot%2C_Positive_Commandments.56?lang=bi
2025-12-01,71,Positive 57,To to burn a fire on the altar every day continuously,https://www.sefaria.org/Sefer_HaMitzvot%2C_Positive_Commandments.57?lang=bi
2025-12-01,72,Positive 58,To to eat from the meat of the second-Pesach offering on the night of the fif...,https://www.sefaria.org/Sefer_HaMitzvot%2C_Positive_Commandments.58?lang=bi
2025-12-02,73,Positive 59,That is that He commanded the priests to remove the ashes from off the altar ...,https://www.sefaria.org/Sefer_HaMitzvot%2C_Positive_Commandments.59?lang=bi
2025-12-02,74,Positive 60,That is that we were commanded that any animal sacrifice that we offer be eig...,https://www.sefaria.org/Sefer_HaMitzvot%2C_Positive_Commandments.60?lang=bi
2025-12-03,75,Positive 61,And that is that He commanded us to send away the impure from the camp,https://www.sefaria.org/Sefer_HaMitzvot%2C_Positive_Commandments.61?lang=bi
2025-12-03,76,Positive 62,To to offer salt on every sacrifice,https://www.sefaria.org/Sefer_HaMitzvot%2C_Positive_Commandments.62?lang=bi
2025-12-04,77,Positive 63,"To to honor the seed of Aharon, to adorn and glorify them, and that we should...",https://www.sefaria.org/Sefer_HaMitzvot%2C_Positive_Commandments.63?lang=bi
2025-12-04,78,Positive 64,"To with the process of the sin-offering sacrifice, according to the descripti...",https://www.sefaria.org/Sefer_HaMitzvot%2C_Positive_Commandments.64?lang=bi
2025-12-05,79,Positive 65,That is that He commanded the priests to wear special garments for glory and ...,https://www.sefaria.org/Sefer_HaMitzvot%2C_Positive_Commandments.65?lang=bi
2025-12-05,80,Positive 66,To with the process of the peace-offering sacrifices - according to the descr...,https://www.sefaria.org/Sefer_HaMitzvot%2C_Positive_Commandments.66?lang=bi
2025-12-06,81,Positive 67,"That is that He commanded the priests to carry the ark on their shoulders, wh...",https://www.sefaria.org/Sefer_HaMitzvot%2C_Positive_Commandments.67?lang=bi
2025-12-06,82,Positive 68,To that the court should offer a sacrifice if they erred in a directive,https://www.sefaria.org/Sefer_HaMitzvot%2C_Positive_Commandments.68?lang=bi
2025-12-07,83,Positive 69,"To that we have oil made according to the special recipe, ready to anoint the...",https://www.sefaria.org/Sefer_HaMitzvot%2C_Positive_Commandments.69?lang=bi
2025-12-07,84,Positive 70,To to offer a sacrifice when a doubt arises about one of the big sins for whi...,https://www.sefaria.org/Sefer_HaMitzvot%2C_Positive_Commandments.70?lang=bi
2025-12-08,85,Positive 71,"And that is that He commanded us that the priests serve in watches, each watc...",https://www.sefaria.org/Sefer_HaMitzvot%2C_Positive_Commandments.71?lang=bi
2025-12-08,86,Positive 72,That is that He also commanded us to bring a variable burnt-sacrifice for cer...,https://www.sefaria.org/Sefer_HaMitzvot%2C_Positive_Commandments.72?lang=bi
2025-12-09,87,Positive 73,That is that the priests were commanded to become impure for the relatives th...,https://www.sefaria.org/Sefer_HaMitzvot%2C_Positive_Commandments.73?lang=bi
2025-12-09,88,Positive 74,To that any man who is healed from a discharge offer a sacrifice,https://www.sefaria.org/Sefer_HaMitzvot%2C_Positive_Commandments.74?lang=bi
2025-12-10,89,Positive 75,That is that He commanded a high priest to marry a virgin,https://www.sefaria.org/Sefer_HaMitzvot%2C_Positive_Commandments.75?lang=bi
2025-12-10,90,Positive 76,To that any woman after childbirth offer a sacrifice - and that is a one-year...,https://www.sefaria.org/Sefer_HaMitzvot%2C_Positive_Commandments.76?lang=bi
2025-12-11,91,Positive 77,"To to sacrifice two one-year old lambs in the Temple everyday, and these are ...",https://www.sefaria.org/Sefer_HaMitzvot%2C_Positive_Commandments.77?lang=bi
2025-12-11,92,Positive 78,"To to extract a tenth of the animals that are born to us each year, to offer ...",https://www.sefaria.org/Sefer_HaMitzvot%2C_Positive_Commandments.78?lang=bi
2025-12-12,93,Positive 79,To that the high priest offer a regular grain offering every day in the morni...,https://www.sefaria.org/Sefer_HaMitzvot%2C_Positive_Commandments.79?lang=bi
2025-12-12,94,Positive 80,"And that is that He commanded us to redeem the firstborn man, that we should ...",https://www.sefaria.org/Sefer_HaMitzvot%2C_Positive_Commandments.80?lang=bi
2025-12-13,95,Positive 81,That is that He commanded to offer a sacrifice on every Shabbat in addition t...,https://www.sefaria.org/Sefer_HaMitzvot%2C_Positive_Commandments.81?lang=bi
2025-12-13,96,Positive 82,To to behead the [firstborn] donkey if we do not redeem it,https://www.sefaria.org/Sefer_HaMitzvot%2C_Positive_Commandments.82?lang=bi
2025-12-14,97,Positive 83,That is that He commanded to offer a sacrifice on every Rosh Chodesh (first d...,https://www.sefaria.org/Sefer_HaMitzvot%2C_Positive_Commandments.83?lang=bi
2025-12-14,98,Positive 84,To to offer all of the sacrifices in the [Temple],https://www.sefaria.org/Sefer_HaMitzvot%2C_Positive_Commandments.84?lang=bi
2025-12-15,99,Positive 85,That is that He commanded to offer a sacrifice on all seven days of Pesach in...,https://www.sefaria.org/Sefer_HaMitzvot%2C_Positive_Commandments.85?lang=bi
2025-12-15,100,Positive 86,"To to redeem consecrated animals which have developed blemishes, such that it...",https://www.sefaria.org/Sefer_HaMitzvot%2C_Positive_Commandments.86?lang=bi
2025-12-16,101,Positive 87,That is that He commanded to offer the grain offering of the omer,https://www.sefaria.org/Sefer_HaMitzvot%2C_Positive_Commandments.87?lang=bi
2025-12-16,102,Positive 88,That is that He commanded the priests to eat the remainders of the grain offe...,https://www.sefaria.org/Sefer_HaMitzvot%2C_Positive_Commandments.88?lang=bi
2025-12-17,103,Positive 89,That is that He commanded to also offer an additional sacrifice on the fiftie...,https://www.sefaria.org/Sefer_HaMitzvot%2C_Positive_Commandments.89?lang=bi
2025-12-17,104,Positive 90,That is that He commanded to burn consecrated items that have become impure,https://www.sefaria.org/Sefer_HaMitzvot%2C_Positive_Commandments.90?lang=bi
2025-12-18,105,Positive 91,To to bring two breads of chametz to the Temple with the sacrifices that come...,https://www.sefaria.org/Sefer_HaMitzvot%2C_Positive_Commandments.91?lang=bi
2025-12-18,106,Positive 92,To that a nazarite should grow his hair,https://www.sefaria.org/Sefer_HaMitzvot%2C_Positive_Commandments.92?lang=bi
2025-12-19,107,Positive 93,That is that He commanded to offer an additional sacrifice on the first day o...,https://www.sefaria.org/Sefer_HaMitzvot%2C_Positive_Commandments.93?lang=bi
2025-12-19,108,Positive 94,That is that we were commanded to fulfill everything that we we take upon our...,https://www.sefaria.org/Sefer_HaMitzvot%2C_Positive_Commandments.94?lang=bi
2025-12-20,109,Positive 95,That is that He commanded to offer an additional sacrifice on the tenth day o...,https://www.sefaria.org/Sefer_HaMitzvot%2C_Positive_Commandments.95?lang=bi
2025-12-20,110,Positive 96,"To that when any person touches a carcass, he becomes impure",https://www.sefaria.org/Sefer_HaMitzvot%2C_Positive_Commandments.96?lang=bi
2025-12-21,111,Positive 97,"To to do the service of the day - meaning, the sum of all of the sacrifices a...",https://www.sefaria.org/Sefer_HaMitzvot%2C_Positive_Commandments.97?lang=bi
2025-12-21,112,Positive 98,To to administer [the laws of] impurity of foods and drinks,https://www.sefaria.org/Sefer_HaMitzvot%2C_Positive_Commandments.98?lang=bi
2025-12-22,113,Positive 99,That is that He commanded to offer an additional sacrifice on the holiday of ...,https://www.sefaria.org/Sefer_HaMitzvot%2C_Positive_Commandments.99?lang=bi
2025-12-22,114,Positive 100,To that a woman after childbirth be impure,https://www.sefaria.org/Sefer_HaMitzvot%2C_Positive_Commandments.100?lang=bi
2025-12-23,115,Positive 101,That is that He commanded to offer an additional sacrifice on the eighth day ...,https://www.sefaria.org/Sefer_HaMitzvot%2C_Positive_Commandments.101?lang=bi
2025-12-23,116,Positive 102,"To to administer the laws of the impurity of a garment that has tsaraat, such...",https://www.sefaria.org/Sefer_HaMitzvot%2C_Positive_Commandments.102?lang=bi
2025-12-24,117,Positive 103,To to ascend to the Temple three times a year,https://www.sefaria.org/Sefer_HaMitzvot%2C_Positive_Commandments.103?lang=bi
2025-12-24,118,Positive 104,To that a zav be impure,https://www.sefaria.org/Sefer_HaMitzvot%2C_Positive_Commandments.104?lang=bi
2025-12-25,119,Positive 105,And that is that He commanded us to appear [at the Temple] on festivals,https://www.sefaria.org/Sefer_HaMitzvot%2C_Positive_Commandments.105?lang=bi
2025-12-25,120,Positive 106,To that a zavah be impure,https://www.sefaria.org/Sefer_HaMitzvot%2C_Positive_Commandments.106?lang=bi
2025-12-26,121,Positive 107,To to rejoice in the the festivals,https://www.sefaria.org/Sefer_HaMitzvot%2C_Positive_Commandments.107?lang=bi
2025-12-26,122,Positive 108,"To and instructed us [to administer] the laws of purification water, about wh...",https://www.sefaria.org/Sefer_HaMitzvot%2C_Positive_Commandments.108?lang=bi
2025-12-27,123,Positive 109,To to slaughter the Pesach-offering on the fourteenth of Nissan in the afternoon,https://www.sefaria.org/Sefer_HaMitzvot%2C_Positive_Commandments.109?lang=bi
2025-12-27,124,Positive 110,To that the purification from tsaraat be according to the process written in ...,https://www.sefaria.org/Sefer_HaMitzvot%2C_Positive_Commandments.110?lang=bi
2025-12-28,125,Positive 111,To to eat the lamb of the Pesach-offering on the night of the fifteenth of Ni...,https://www.sefaria.org/Sefer_HaMitzvot%2C_Positive_Commandments.111?lang=bi
2025-12-28,126,Positive 112,"To that a metsora (a person with tsaarat) be known to all, such that people w...",https://www.sefaria.org/Sefer_HaMitzvot%2C_Positive_Commandments.112?lang=bi
2025-12-29,127,Positive 113,"To that whoever was prevented from slaughtering the first Pesach-offering, sl...",https://www.sefaria.org/Sefer_HaMitzvot%2C_Positive_Commandments.113?lang=bi
2025-12-29,128,Positive 114,To to administer the law of human appraisals,https://www.sefaria.org/Sefer_HaMitzvot%2C_Positive_Commandments.114?lang=bi
2025-12-30,129,Positive 115,To to eat from the meat of the second-Pesach offering on the night of the fif...,https://www.sefaria.org/Sefer_HaMitzvot%2C_Positive_Commandments.115?lang=bi
2025-12-30,130,Positive 116,To about house appraisals,https://www.sefaria.org/Sefer_HaMitzvot%2C_Positive_Commandments.116?lang=bi
2025-12-31,131,Positive 117,And that is that He commanded us to blow with trumpets in the Temple during t...,https://www.sefaria.org/Sefer_HaMitzvot%2C_Positive_Commandments.117?lang=bi
2025-12-31,132,Positive 118,That is that we were commanded that anyone who benefits from consecrated prop...,https://www.sefaria.org/Sefer_HaMitzvot%2C_Positive_Commandments.118?lang=bi
2026-01-01,133,Positive 119,That is that we were commanded that any animal sacrifice that we offer be eig...,https://www.sefaria.org/Sefer_HaMitzvot%2C_Positive_Commandments.119?lang=bi
2026-01-01,134,Positive 120,"To to leave over the corner of the produce, the trees and that which is simil...",https://www.sefaria.org/Sefer_HaMitzvot%2C_Positive_Commandments.120?lang=bi
2026-01-02,135,Positive 121,To that all of that which we offer Him be consummate for its type - flawless ...,https://www.sefaria.org/Sefer_HaMitzvot%2C_Positive_Commandments.121?lang=bi
2026-01-02,136,Positive 122,To to leave over the forgotten [produce],https://www.sefaria.org/Sefer_HaMitzvot%2C_Positive_Commandments.122?lang=bi
2026-01-03,137,Positive 123,To to offer salt on every sacrifice,https://www.sefaria.org/Sefer_HaMitzvot%2C_Positive_Commandments.123?lang=bi
2026-01-03,138,Positive 124,"To to leave over for the poor, that which falls and breaks off from the grape...",https://www.sefaria.org/Sefer_HaMitzvot%2C_Positive_Commandments.124?lang=bi
2026-01-04,139,Positive 125,To with the process of the burnt-offering sacrifice,https://www.sefaria.org/Sefer_HaMitzvot%2C_Positive_Commandments.125?lang=bi
2026-01-04,140,Positive 126,And that is that He commanded us to extract the great (priestly) tithe (terum...,https://www.sefaria.org/Sefer_HaMitzvot%2C_Positive_Commandments.126?lang=bi
2026-01-05,141,Positive 127,"To with the process of the sin-offering sacrifice, according to the descripti...",https://www.sefaria.org/Sefer_HaMitzvot%2C_Positive_Commandments.127?lang=bi
2026-01-05,142,Positive 128,To to extract the second tithe,https://www.sefaria.org/Sefer_HaMitzvot%2C_Positive_Commandments.128?lang=bi
2026-01-06,143,Positive 129,To with the process of the guilt-offering sacrifice - according to the descri...,https://www.sefaria.org/Sefer_HaMitzvot%2C_Positive_Commandments.129?lang=bi
2026-01-06,144,Positive 130,"To to extract the poor tithe every third year of the sabbatical [cycle], as w...",https://www.sefaria.org/Sefer_HaMitzvot%2C_Positive_Commandments.130?lang=bi
2026-01-07,145,Positive 131,To with the process of the peace-offering sacrifices - according to the descr...,https://www.sefaria.org/Sefer_HaMitzvot%2C_Positive_Commandments.131?lang=bi
2026-01-07,146,Positive 132,To to tell over His kindnesses that He benefited us and saved us - and one be...,https://www.sefaria.org/Sefer_HaMitzvot%2C_Positive_Commandments.132?lang=bi
2026-01-08,147,Positive 133,"To with the process of the meal-offering sacrifices, according to the descrip...",https://www.sefaria.org/Sefer_HaMitzvot%2C_Positive_Commandments.133?lang=bi
2026-01-08,148,Positive 134,To to render ownerless all that grows from the ground during the sabbatical y...,https://www.sefaria.org/Sefer_HaMitzvot%2C_Positive_Commandments.134?lang=bi
2026-01-09,149,Positive 135,To that the court should offer a sacrifice if they erred in a directive,https://www.sefaria.org/Sefer_HaMitzvot%2C_Positive_Commandments.135?lang=bi
2026-01-09,150,Positive 136,"To to sanctify the fiftieth year - that is to say, to cease working during it",https://www.sefaria.org/Sefer_HaMitzvot%2C_Positive_Commandments.136?lang=bi
2026-01-10,151,Positive 137,To that anyone who erred in a sin and is an individual offer a sin-offering s...,https://www.sefaria.org/Sefer_HaMitzvot%2C_Positive_Commandments.137?lang=bi
2026-01-10,152,Positive 138,"To to return all the lands to their owners in this year, and that they go out...",https://www.sefaria.org/Sefer_HaMitzvot%2C_Positive_Commandments.138?lang=bi
2026-01-11,153,Positive 139,To to offer a sacrifice when a doubt arises about one of the big sins for whi...,https://www.sefaria.org/Sefer_HaMitzvot%2C_Positive_Commandments.139?lang=bi
2026-01-11,154,Positive 140,"To to count the years and the sabbatical cycles until the Jubilee year, once ...",https://www.sefaria.org/Sefer_HaMitzvot%2C_Positive_Commandments.140?lang=bi
2026-01-12,155,Positive 141,And that is that He commanded us that one who does certain sins must offer a ...,https://www.sefaria.org/Sefer_HaMitzvot%2C_Positive_Commandments.141?lang=bi
2026-01-12,156,Positive 142,"To to press the gentile and to force him to pay his debt, just as we have bee...",https://www.sefaria.org/Sefer_HaMitzvot%2C_Positive_Commandments.142?lang=bi
2026-01-13,157,Positive 143,That is that He also commanded us to bring a variable burnt-sacrifice for cer...,https://www.sefaria.org/Sefer_HaMitzvot%2C_Positive_Commandments.143?lang=bi
2026-01-13,158,Positive 144,To to give the first shearing to the priest,https://www.sefaria.org/Sefer_HaMitzvot%2C_Positive_Commandments.144?lang=bi
2026-01-14,159,Positive 145,And that is that He commanded us to confess the transgressions and sins that ...,https://www.sefaria.org/Sefer_HaMitzvot%2C_Positive_Commandments.145?lang=bi
2026-01-14,160,Positive 146,"To to slaughter a beast, animal or bird and then to eat its meat; and that it...",https://www.sefaria.org/Sefer_HaMitzvot%2C_Positive_Commandments.146?lang=bi
2026-01-15,161,Positive 147,To that any man who is healed from a discharge offer a sacrifice,https://www.sefaria.org/Sefer_HaMitzvot%2C_Positive_Commandments.147?lang=bi
2026-01-15,162,Positive 148,To to send away [the mother bird from] the nest,https://www.sefaria.org/Sefer_HaMitzvot%2C_Positive_Commandments.148?lang=bi
2026-01-16,163,Positive 149,To that any woman who is healed from a discharge offer a sacrifice - and that...,https://www.sefaria.org/Sefer_HaMitzvot%2C_Positive_Commandments.149?lang=bi
2026-01-16,164,Positive 150,"To to check for the signs of birds, such that only some of them are permissible",https://www.sefaria.org/Sefer_HaMitzvot%2C_Positive_Commandments.150?lang=bi
2026-01-17,165,Positive 151,To that any woman after childbirth offer a sacrifice - and that is a one-year...,https://www.sefaria.org/Sefer_HaMitzvot%2C_Positive_Commandments.151?lang=bi
2026-01-17,166,Positive 152,"To to check for the signs of [permissible] fish, which are written [in the To...",https://www.sefaria.org/Sefer_HaMitzvot%2C_Positive_Commandments.152?lang=bi
2026-01-18,167,Positive 153,To that someone with tsaraat offer a sacrifice when he is healed from it,https://www.sefaria.org/Sefer_HaMitzvot%2C_Positive_Commandments.153?lang=bi
2026-01-18,168,Positive 154,To to rest on Shabbat,https://www.sefaria.org/Sefer_HaMitzvot%2C_Positive_Commandments.154?lang=bi
2026-01-19,169,Positive 155,"To to extract a tenth of the animals that are born to us each year, to offer ...",https://www.sefaria.org/Sefer_HaMitzvot%2C_Positive_Commandments.155?lang=bi
2026-01-19,170,Positive 156,To to destroy chametz from our homes on the fourteenth day of Nissan,https://www.sefaria.org/Sefer_HaMitzvot%2C_Positive_Commandments.156?lang=bi
2026-01-20,171,Positive 157,"To to consecrate firstborn animals - meaning, to separate and designate them ...",https://www.sefaria.org/Sefer_HaMitzvot%2C_Positive_Commandments.157?lang=bi
2026-01-20,172,Positive 158,To to eat matzah on the night of the fifteenth of Nissan - whether there is a...,https://www.sefaria.org/Sefer_HaMitzvot%2C_Positive_Commandments.158?lang=bi
2026-01-21,173,Positive 159,"And that is that He commanded us to redeem the firstborn man, that we should ...",https://www.sefaria.org/Sefer_HaMitzvot%2C_Positive_Commandments.159?lang=bi
2026-01-21,174,Positive 160,To to rest from work on the seventh [day] of Pesach,https://www.sefaria.org/Sefer_HaMitzvot%2C_Positive_Commandments.160?lang=bi
2026-01-22,175,Positive 161,"To that we should redeem the [firstborn] donkey specifically with a sheep, an...",https://www.sefaria.org/Sefer_HaMitzvot%2C_Positive_Commandments.161?lang=bi
2026-01-22,176,Positive 162,To to rest from work on the day of Atzeret (Shavuot),https://www.sefaria.org/Sefer_HaMitzvot%2C_Positive_Commandments.162?lang=bi
2026-01-23,177,Positive 163,To to behead the [firstborn] donkey if we do not redeem it,https://www.sefaria.org/Sefer_HaMitzvot%2C_Positive_Commandments.163?lang=bi
2026-01-23,178,Positive 164,To to fast on the tenth day of Tishrei,https://www.sefaria.org/Sefer_HaMitzvot%2C_Positive_Commandments.164?lang=bi
2026-01-24,179,Positive 165,To to bring all of the sacrifices that are incumbent upon one during the firs...,https://www.sefaria.org/Sefer_HaMitzvot%2C_Positive_Commandments.165?lang=bi
2026-01-24,180,Positive 166,To to rest from work on the first day of Sukkot,https://www.sefaria.org/Sefer_HaMitzvot%2C_Positive_Commandments.166?lang=bi
2026-01-25,181,Positive 167,To to offer all of the sacrifices in the [Temple],https://www.sefaria.org/Sefer_HaMitzvot%2C_Positive_Commandments.167?lang=bi
2026-01-25,182,Positive 168,To to dwell in the Sukkah seven days on the days of the holiday,https://www.sefaria.org/Sefer_HaMitzvot%2C_Positive_Commandments.168?lang=bi
2026-01-26,183,Positive 169,"To to bring any sin-offering, burnt-offering, guilt-offering and peace-offeri...",https://www.sefaria.org/Sefer_HaMitzvot%2C_Positive_Commandments.169?lang=bi
2026-01-26,184,Positive 170,And that is that He commanded us to listen to the sound of the shofar on the ...,https://www.sefaria.org/Sefer_HaMitzvot%2C_Positive_Commandments.170?lang=bi
2026-01-27,185,Positive 171,"To to redeem consecrated animals which have developed blemishes, such that it...",https://www.sefaria.org/Sefer_HaMitzvot%2C_Positive_Commandments.171?lang=bi
2026-01-27,186,Positive 172,"To to listen to all of the prophets, to do all that he commands - even agains...",https://www.sefaria.org/Sefer_HaMitzvot%2C_Positive_Commandments.172?lang=bi
2026-01-28,187,Positive 173,To that the substitute [of a consecrated item] be consecrated,https://www.sefaria.org/Sefer_HaMitzvot%2C_Positive_Commandments.173?lang=bi
2026-01-28,188,Positive 174,"To to listen to the Great Court and to do everything that they command us, to...",https://www.sefaria.org/Sefer_HaMitzvot%2C_Positive_Commandments.174?lang=bi
2026-01-29,189,Positive 175,That is that He commanded the priests to eat the remainders of the grain offe...,https://www.sefaria.org/Sefer_HaMitzvot%2C_Positive_Commandments.175?lang=bi
2026-01-29,190,Positive 176,To to appoint judges and officers to force the implementation of the Torah's ...,https://www.sefaria.org/Sefer_HaMitzvot%2C_Positive_Commandments.176?lang=bi
2026-01-30,191,Positive 177,That is that He commanded the priests to eat the meat of consecrated animals ...,https://www.sefaria.org/Sefer_HaMitzvot%2C_Positive_Commandments.177?lang=bi
2026-01-30,192,Positive 178,To to testify in court about everything that we know,https://www.sefaria.org/Sefer_HaMitzvot%2C_Positive_Commandments.178?lang=bi
2026-01-31,193,Positive 179,That is that He commanded to burn consecrated items that have become impure,https://www.sefaria.org/Sefer_HaMitzvot%2C_Positive_Commandments.179?lang=bi
2026-01-31,194,Positive 180,To to render witnesses that testify falsely liable for the punishment that th...,https://www.sefaria.org/Sefer_HaMitzvot%2C_Positive_Commandments.180?lang=bi
2026-02-01,195,Positive 181,That is that He commanded to burn leftovers (notar),https://www.sefaria.org/Sefer_HaMitzvot%2C_Positive_Commandments.181?lang=bi
2026-02-01,196,Positive 182,"To to prepare six cities of refuge, such that they be ready for the accidenta...",https://www.sefaria.org/Sefer_HaMitzvot%2C_Positive_Commandments.182?lang=bi
2026-02-02,197,Positive 183,To that a nazarite should grow his hair,https://www.sefaria.org/Sefer_HaMitzvot%2C_Positive_Commandments.183?lang=bi
2026-02-02,198,Positive 184,To to remove obstacles and dangers from all of our inhabitations,https://www.sefaria.org/Sefer_HaMitzvot%2C_Positive_Commandments.184?lang=bi
2026-02-03,199,Positive 185,To to shave the nazarite's head and to bring his sacrifices at the culminatio...,https://www.sefaria.org/Sefer_HaMitzvot%2C_Positive_Commandments.185?lang=bi
2026-02-03,200,Positive 186,To to kill all the people of a condemned city (ir hanidachat) and to burn the...,https://www.sefaria.org/Sefer_HaMitzvot%2C_Positive_Commandments.186?lang=bi
2026-02-04,201,Positive 187,That is that we were commanded to fulfill everything that we we take upon our...,https://www.sefaria.org/Sefer_HaMitzvot%2C_Positive_Commandments.187?lang=bi
2026-02-04,202,Positive 188,"To to exclusively cut off the seed of Amalek - males, females, adults and chi...",https://www.sefaria.org/Sefer_HaMitzvot%2C_Positive_Commandments.188?lang=bi
2026-02-05,203,Positive 189,To to administer the nullification of vows - meaning the precept that He inst...,https://www.sefaria.org/Sefer_HaMitzvot%2C_Positive_Commandments.189?lang=bi
2026-02-05,204,Positive 190,To the law that He gave to us in a war with the other nations; and that is ca...,https://www.sefaria.org/Sefer_HaMitzvot%2C_Positive_Commandments.190?lang=bi
2026-02-06,205,Positive 191,"To that when any person touches a carcass, he becomes impure",https://www.sefaria.org/Sefer_HaMitzvot%2C_Positive_Commandments.191?lang=bi
2026-02-06,206,Positive 192,"To that when our soldiers go out to war, we prepare them a path outside of th...",https://www.sefaria.org/Sefer_HaMitzvot%2C_Positive_Commandments.192?lang=bi
2026-02-07,207,Positive 193,To to [administer the laws of impurity] of eight creeping creatures,https://www.sefaria.org/Sefer_HaMitzvot%2C_Positive_Commandments.193?lang=bi
2026-02-07,208,Positive 194,"To to return the stolen item itself, if it is still remaining as itself - wit...",https://www.sefaria.org/Sefer_HaMitzvot%2C_Positive_Commandments.194?lang=bi
2026-02-08,209,Positive 195,To to administer [the laws of] impurity of foods and drinks,https://www.sefaria.org/Sefer_HaMitzvot%2C_Positive_Commandments.195?lang=bi
2026-02-08,210,Positive 196,"To to reward a Hebrew (Jewish) slave when he goes free, and not to have him l...",https://www.sefaria.org/Sefer_HaMitzvot%2C_Positive_Commandments.196?lang=bi
2026-02-09,211,Positive 197,To that a menstruant woman be impure,https://www.sefaria.org/Sefer_HaMitzvot%2C_Positive_Commandments.197?lang=bi
2026-02-09,212,Positive 198,To to demand interest from idolaters,https://www.sefaria.org/Sefer_HaMitzvot%2C_Positive_Commandments.198?lang=bi
2026-02-10,213,Positive 199,To that a woman after childbirth be impure,https://www.sefaria.org/Sefer_HaMitzvot%2C_Positive_Commandments.199?lang=bi
2026-02-10,214,Positive 200,"To to give the wage of an employee on its day, and not to delay it to another...",https://www.sefaria.org/Sefer_HaMitzvot%2C_Positive_Commandments.200?lang=bi
2026-02-11,215,Positive 201,To that a metsora be impure,https://www.sefaria.org/Sefer_HaMitzvot%2C_Positive_Commandments.201?lang=bi
2026-02-11,216,Positive 202,To to unload the load from upon an animal when it gets tired from its load up...,https://www.sefaria.org/Sefer_HaMitzvot%2C_Positive_Commandments.202?lang=bi
2026-02-12,217,Positive 203,"To to administer the laws of the impurity of a garment that has tsaraat, such...",https://www.sefaria.org/Sefer_HaMitzvot%2C_Positive_Commandments.203?lang=bi
2026-02-12,218,Positive 204,To to return a lost object to its owners,https://www.sefaria.org/Sefer_HaMitzvot%2C_Positive_Commandments.204?lang=bi
2026-02-13,219,Positive 205,To that a house that has tsaraat be impure,https://www.sefaria.org/Sefer_HaMitzvot%2C_Positive_Commandments.205?lang=bi
2026-02-13,220,Positive 206,"To to love each other like we love ourselves, and that one's love and compass...",https://www.sefaria.org/Sefer_HaMitzvot%2C_Positive_Commandments.206?lang=bi
2026-02-14,221,Positive 207,To that a zav be impure,https://www.sefaria.org/Sefer_HaMitzvot%2C_Positive_Commandments.207?lang=bi
2026-02-14,222,Positive 208,"To to justify the leveler, the scales, the weights and the measures; and to m...",https://www.sefaria.org/Sefer_HaMitzvot%2C_Positive_Commandments.208?lang=bi
2026-02-15,223,Positive 209,To that semen be impure,https://www.sefaria.org/Sefer_HaMitzvot%2C_Positive_Commandments.209?lang=bi
2026-02-15,224,Positive 210,To to honor [our] father and mother,https://www.sefaria.org/Sefer_HaMitzvot%2C_Positive_Commandments.210?lang=bi
2026-02-16,225,Positive 211,To that a zavah be impure,https://www.sefaria.org/Sefer_HaMitzvot%2C_Positive_Commandments.211?lang=bi
2026-02-16,226,Positive 212,"To to be fruitful and multiply, with the intention of preserving the species",https://www.sefaria.org/Sefer_HaMitzvot%2C_Positive_Commandments.212?lang=bi
2026-02-17,227,Positive 213,To to administer [the laws of] the impurity of a corpse,https://www.sefaria.org/Sefer_HaMitzvot%2C_Positive_Commandments.213?lang=bi
2026-02-17,228,Positive 214,"To that a groom be with his wife a full year, such that he not go outside of ...",https://www.sefaria.org/Sefer_HaMitzvot%2C_Positive_Commandments.214?lang=bi
2026-02-18,229,Positive 215,"To and instructed us [to administer] the laws of purification water, about wh...",https://www.sefaria.org/Sefer_HaMitzvot%2C_Positive_Commandments.215?lang=bi
2026-02-18,230,Positive 216,To that a yavam (levirate husband) marry the wife of his brother when [the la...,https://www.sefaria.org/Sefer_HaMitzvot%2C_Positive_Commandments.216?lang=bi
2026-02-19,231,Positive 217,"To that we immerse in the mikveh waters, and that we then become pure from on...",https://www.sefaria.org/Sefer_HaMitzvot%2C_Positive_Commandments.217?lang=bi
2026-02-19,232,Positive 218,To that a rapist marry the woman he raped,https://www.sefaria.org/Sefer_HaMitzvot%2C_Positive_Commandments.218?lang=bi
2026-02-20,233,Positive 219,To that the purification from tsaraat be according to the process written in ...,https://www.sefaria.org/Sefer_HaMitzvot%2C_Positive_Commandments.219?lang=bi
2026-02-20,234,Positive 220,To about the law of the seducer,https://www.sefaria.org/Sefer_HaMitzvot%2C_Positive_Commandments.220?lang=bi
2026-02-21,235,Positive 221,"That is that He commanded the metsora (a person with tsaarat) to shave, and t...",https://www.sefaria.org/Sefer_HaMitzvot%2C_Positive_Commandments.221?lang=bi
2026-02-21,236,Positive 222,To - if one wants to divorce - to divorce with a contract under all circumsta...,https://www.sefaria.org/Sefer_HaMitzvot%2C_Positive_Commandments.222?lang=bi
2026-02-22,237,Positive 223,"To that a metsora (a person with tsaarat) be known to all, such that people w...",https://www.sefaria.org/Sefer_HaMitzvot%2C_Positive_Commandments.223?lang=bi
2026-02-22,238,Positive 224,To to give lashes with a whip to those that transgress certain commandments,https://www.sefaria.org/Sefer_HaMitzvot%2C_Positive_Commandments.224?lang=bi
2026-02-23,239,Positive 225,"And that is that He commanded us to process the red heifer, so that its ashes...",https://www.sefaria.org/Sefer_HaMitzvot%2C_Positive_Commandments.225?lang=bi
2026-02-23,240,Positive 226,"To to kill, with a sword, those that transgress certain commandments",https://www.sefaria.org/Sefer_HaMitzvot%2C_Positive_Commandments.226?lang=bi
2026-02-24,241,Positive 227,To to administer the law of human appraisals,https://www.sefaria.org/Sefer_HaMitzvot%2C_Positive_Commandments.227?lang=bi
2026-02-24,242,Positive 228,To to immolate those that transgress certain commandments,https://www.sefaria.org/Sefer_HaMitzvot%2C_Positive_Commandments.228?lang=bi
2026-02-25,243,Positive 229,To with the law of animal appraisals,https://www.sefaria.org/Sefer_HaMitzvot%2C_Positive_Commandments.229?lang=bi
2026-02-25,244,Positive 230,To to hang some of those killed by the court,https://www.sefaria.org/Sefer_HaMitzvot%2C_Positive_Commandments.230?lang=bi
2026-02-26,245,Positive 231,To about house appraisals,https://www.sefaria.org/Sefer_HaMitzvot%2C_Positive_Commandments.231?lang=bi
2026-02-26,246,Positive 232,That is that He commanded about the law of a Hebrew (Jewish) slave,https://www.sefaria.org/Sefer_HaMitzvot%2C_Positive_Commandments.232?lang=bi
2026-02-27,247,Positive 233,To about field appraisals,https://www.sefaria.org/Sefer_HaMitzvot%2C_Positive_Commandments.233?lang=bi
2026-02-27,248,Positive 234,To to redeem the Hebrew maidservant,https://www.sefaria.org/Sefer_HaMitzvot%2C_Positive_Commandments.234?lang=bi
2026-02-28,249,Positive 235,That is that we were commanded that anyone who benefits from consecrated prop...,https://www.sefaria.org/Sefer_HaMitzvot%2C_Positive_Commandments.235?lang=bi
2026-02-28,250,Positive 236,To about the law of one who injures his fellow,https://www.sefaria.org/Sefer_HaMitzvot%2C_Positive_Commandments.236?lang=bi
2026-03-01,251,Positive 237,To that the sapling of the fourth year be completely holy,https://www.sefaria.org/Sefer_HaMitzvot%2C_Positive_Commandments.237?lang=bi
2026-03-01,252,Positive 238,To to administer the laws of the pit [that causes damage],https://www.sefaria.org/Sefer_HaMitzvot%2C_Positive_Commandments.238?lang=bi
2026-03-02,253,Positive 239,"To to leave over the corner of the produce, the trees and that which is simil...",https://www.sefaria.org/Sefer_HaMitzvot%2C_Positive_Commandments.239?lang=bi
2026-03-02,254,Positive 240,To about the law of grazing,https://www.sefaria.org/Sefer_HaMitzvot%2C_Positive_Commandments.240?lang=bi
2026-03-03,255,Positive 241,To to leave over the gleanings,https://www.sefaria.org/Sefer_HaMitzvot%2C_Positive_Commandments.241?lang=bi
2026-03-03,256,Positive 242,To about the law of the unpaid guardian,https://www.sefaria.org/Sefer_HaMitzvot%2C_Positive_Commandments.242?lang=bi
2026-03-04,257,Positive 243,To to leave over the forgotten [produce],https://www.sefaria.org/Sefer_HaMitzvot%2C_Positive_Commandments.243?lang=bi
2026-03-04,258,Positive 244,To about the law of the borrower,https://www.sefaria.org/Sefer_HaMitzvot%2C_Positive_Commandments.244?lang=bi
2026-03-05,259,Positive 245,To to leave over that which is called ollalot (incomplete clusters) for the p...,https://www.sefaria.org/Sefer_HaMitzvot%2C_Positive_Commandments.245?lang=bi
2026-03-05,260,Positive 246,To about the law of claimant and defendant,https://www.sefaria.org/Sefer_HaMitzvot%2C_Positive_Commandments.246?lang=bi
2026-03-06,261,Positive 247,"To to leave over for the poor, that which falls and breaks off from the grape...",https://www.sefaria.org/Sefer_HaMitzvot%2C_Positive_Commandments.247?lang=bi
2026-03-06,262,Positive 248,That is that He instructed us about the laws of inheritance,https://www.sefaria.org/Sefer_HaMitzvot%2C_Positive_Commandments.248?lang=bi
2026-03-07,263,Positive 249,To to extract the first-fruits and bring them to the Temple,https://www.sefaria.org/Sefer_HaMitzvot%2C_Positive_Commandments.249?lang=bi
2026-03-08,264,Positive 250,And that is that He commanded us to extract the great (priestly) tithe (terum...,https://www.sefaria.org/Sefer_HaMitzvot%2C_Positive_Commandments.250?lang=bi
2026-03-09,265,Positive 251,To to extract the tithe from agricultural produce,https://www.sefaria.org/Sefer_HaMitzvot%2C_Positive_Commandments.251?lang=bi
2026-03-10,266,Positive 252,To to extract the second tithe,https://www.sefaria.org/Sefer_HaMitzvot%2C_Positive_Commandments.252?lang=bi
2026-03-11,267,Positive 253,That is that He commanded the Levites to extract a tithe from the tithe that ...,https://www.sefaria.org/Sefer_HaMitzvot%2C_Positive_Commandments.253?lang=bi
2026-03-12,268,Positive 254,"To to extract the poor tithe every third year of the sabbatical [cycle], as w...",https://www.sefaria.org/Sefer_HaMitzvot%2C_Positive_Commandments.254?lang=bi
2026-03-13,269,Positive 255,To to declare in front of Him the fulfillment of the regulations of the tithe...,https://www.sefaria.org/Sefer_HaMitzvot%2C_Positive_Commandments.255?lang=bi
2026-03-14,270,Positive 256,To to tell over His kindnesses that He benefited us and saved us - and one be...,https://www.sefaria.org/Sefer_HaMitzvot%2C_Positive_Commandments.256?lang=bi
2026-03-15,271,Positive 257,To to separate the loaf (challah)-tithe from our dough and to give it to the ...,https://www.sefaria.org/Sefer_HaMitzvot%2C_Positive_Commandments.257?lang=bi
2026-03-16,272,Positive 258,To to render ownerless all that grows from the ground during the sabbatical y...,https://www.sefaria.org/Sefer_HaMitzvot%2C_Positive_Commandments.258?lang=bi
2026-03-17,273,Positive 259,To to rest from any agricultural work on the seventh year,https://www.sefaria.org/Sefer_HaMitzvot%2C_Positive_Commandments.259?lang=bi
2026-03-18,274,Positive 260,"To to sanctify the fiftieth year - that is to say, to cease working during it",https://www.sefaria.org/Sefer_HaMitzvot%2C_Positive_Commandments.260?lang=bi
2026-03-19,275,Positive 261,To to blow the shofar on the tenth day of Tishrei of this year to announce th...,https://www.sefaria.org/Sefer_HaMitzvot%2C_Positive_Commandments.261?lang=bi
2026-03-20,276,Positive 262,"To to return all the lands to their owners in this year, and that they go out...",https://www.sefaria.org/Sefer_HaMitzvot%2C_Positive_Commandments.262?lang=bi
2026-03-21,277,Positive 263,To that there be [the possibility of] redeeming lands sold within the city wa...,https://www.sefaria.org/Sefer_HaMitzvot%2C_Positive_Commandments.263?lang=bi
2026-03-22,278,Positive 264,"To to count the years and the sabbatical cycles until the Jubilee year, once ...",https://www.sefaria.org/Sefer_HaMitzvot%2C_Positive_Commandments.264?lang=bi
2026-03-23,279,Positive 265,To to release monies - meaning all debts - on the sabbatical year,https://www.sefaria.org/Sefer_HaMitzvot%2C_Positive_Commandments.265?lang=bi
2026-03-24,280,Positive 266,"To to press the gentile and to force him to pay his debt, just as we have bee...",https://www.sefaria.org/Sefer_HaMitzvot%2C_Positive_Commandments.266?lang=bi
2026-03-25,281,Positive 267,"To to give to the priest, the shoulder, the cheeks and the stomach from every...",https://www.sefaria.org/Sefer_HaMitzvot%2C_Positive_Commandments.267?lang=bi
2026-03-26,282,Positive 268,To to give the first shearing to the priest,https://www.sefaria.org/Sefer_HaMitzvot%2C_Positive_Commandments.268?lang=bi
2026-03-27,283,Positive 269,To to administer the laws of dedications,https://www.sefaria.org/Sefer_HaMitzvot%2C_Positive_Commandments.269?lang=bi
2026-03-28,284,Positive 270,"To to slaughter a beast, animal or bird and then to eat its meat; and that it...",https://www.sefaria.org/Sefer_HaMitzvot%2C_Positive_Commandments.270?lang=bi
2026-03-29,285,Positive 271,To to cover the blood of a [wild] animal or bird after they are slaughtered,https://www.sefaria.org/Sefer_HaMitzvot%2C_Positive_Commandments.271?lang=bi
2026-03-30,286,Positive 272,To to send away [the mother bird from] the nest,https://www.sefaria.org/Sefer_HaMitzvot%2C_Positive_Commandments.272?lang=bi
2026-03-31,287,Positive 273,To to check for the signs of beasts and animals that can be slaughtered - and...,https://www.sefaria.org/Sefer_HaMitzvot%2C_Positive_Commandments.273?lang=bi
2026-04-01,288,Positive 274,"To to check for the signs of birds, such that only some of them are permissible",https://www.sefaria.org/Sefer_HaMitzvot%2C_Positive_Commandments.274?lang=bi
2026-04-02,289,Positive 275,To to check for the signs of locusts as well,https://www.sefaria.org/Sefer_HaMitzvot%2C_Positive_Commandments.275?lang=bi
2026-04-03,290,Positive 276,"To to check for the signs of [permissible] fish, which are written [in the To...",https://www.sefaria.org/Sefer_HaMitzvot%2C_Positive_Commandments.276?lang=bi
2026-04-04,291,Positive 277,"To to sanctify (proclaim) the months (in other versions, and to calculate the...",https://www.sefaria.org/Sefer_HaMitzvot%2C_Positive_Commandments.277?lang=bi
2026-04-05,292,Positive 278,To to rest on Shabbat,https://www.sefaria.org/Sefer_HaMitzvot%2C_Positive_Commandments.278?lang=bi
2026-04-06,293,Positive 279,To to sanctify the Shabbat and to say things at its beginning and its culmina...,https://www.sefaria.org/Sefer_HaMitzvot%2C_Positive_Commandments.279?lang=bi
2026-04-07,294,Positive 280,To to destroy chametz from our homes on the fourteenth day of Nissan,https://www.sefaria.org/Sefer_HaMitzvot%2C_Positive_Commandments.280?lang=bi
2026-04-08,295,Positive 281,To to tell about the exodus from Egypt on the night of the fifteenth of Nissa...,https://www.sefaria.org/Sefer_HaMitzvot%2C_Positive_Commandments.281?lang=bi
2026-04-09,296,Positive 282,To to eat matzah on the night of the fifteenth of Nissan - whether there is a...,https://www.sefaria.org/Sefer_HaMitzvot%2C_Positive_Commandments.282?lang=bi
2026-04-10,297,Positive 283,To to rest on the first day of Pesach,https://www.sefaria.org/Sefer_HaMitzvot%2C_Positive_Commandments.283?lang=bi
2026-04-11,298,Positive 284,To to rest from work on the seventh [day] of Pesach,https://www.sefaria.org/Sefer_HaMitzvot%2C_Positive_Commandments.284?lang=bi
2026-04-12,299,Positive 285,To to count forty-nine days from the harvesting of the omer,https://www.sefaria.org/Sefer_HaMitzvot%2C_Positive_Commandments.285?lang=bi
2026-04-13,300,Positive 286,To to rest from work on the day of Atzeret (Shavuot),https://www.sefaria.org/Sefer_HaMitzvot%2C_Positive_Commandments.286?lang=bi
2026-04-14,301,Positive 287,To to rest from work on the First of Tishrei,https://www.sefaria.org/Sefer_HaMitzvot%2C_Positive_Commandments.287?lang=bi
2026-04-15,302,Positive 288,To to fast on the tenth day of Tishrei,https://www.sefaria.org/Sefer_HaMitzvot%2C_Positive_Commandments.288?lang=bi
2026-04-16,303,Positive 289,And that is that He commanded us to rest from work and [certain] actions on Y...,https://www.sefaria.org/Sefer_HaMitzvot%2C_Positive_Commandments.289?lang=bi
2026-04-17,304,Positive 290,To to rest from work on the first day of Sukkot,https://www.sefaria.org/Sefer_HaMitzvot%2C_Positive_Commandments.290?lang=bi
2026-04-18,305,Positive 291,To to rest from work on the eighth [day] of the holiday of Sukkot,https://www.sefaria.org/Sefer_HaMitzvot%2C_Positive_Commandments.291?lang=bi
2026-04-19,306,Positive 292,To to dwell in the Sukkah seven days on the days of the holiday,https://www.sefaria.org/Sefer_HaMitzvot%2C_Positive_Commandments.292?lang=bi
2026-04-20,307,Positive 293,To to hold the lulav and to rejoice in front of the Lord seven days,https://www.sefaria.org/Sefer_HaMitzvot%2C_Positive_Commandments.293?lang=bi
2026-04-21,308,Positive 294,And that is that He commanded us to listen to the sound of the shofar on the ...,https://www.sefaria.org/Sefer_HaMitzvot%2C_Positive_Commandments.294?lang=bi
2026-04-22,309,Positive 295,To to give over a half shekel-coin each year,https://www.sefaria.org/Sefer_HaMitzvot%2C_Positive_Commandments.295?lang=bi
2026-04-23,310,Positive 296,"To to listen to all of the prophets, to do all that he commands - even agains...",https://www.sefaria.org/Sefer_HaMitzvot%2C_Positive_Commandments.296?lang=bi
2026-04-24,311,Positive 297,To to appoint a king upon us - [that] he gather all of our nation and lead us,https://www.sefaria.org/Sefer_HaMitzvot%2C_Positive_Commandments.297?lang=bi
2026-04-25,312,Positive 298,"To to listen to the Great Court and to do everything that they command us, to...",https://www.sefaria.org/Sefer_HaMitzvot%2C_Positive_Commandments.298?lang=bi
2026-04-26,313,Positive 299,To to follow the majority when there is a disagreement among the sages about ...,https://www.sefaria.org/Sefer_HaMitzvot%2C_Positive_Commandments.299?lang=bi
2026-04-27,314,Positive 300,To to appoint judges and officers to force the implementation of the Torah's ...,https://www.sefaria.org/Sefer_HaMitzvot%2C_Positive_Commandments.300?lang=bi
2026-04-28,315,Positive 301,"That is that He commanded all judges to equalize the litigants, that each of ...",https://www.sefaria.org/Sefer_HaMitzvot%2C_Positive_Commandments.301?lang=bi
2026-04-29,316,Positive 302,To to testify in court about everything that we know,https://www.sefaria.org/Sefer_HaMitzvot%2C_Positive_Commandments.302?lang=bi
2026-04-30,317,Positive 303,To to investigate the testimony and to inquire [about] it well; and afterward...,https://www.sefaria.org/Sefer_HaMitzvot%2C_Positive_Commandments.303?lang=bi
2026-05-01,318,Positive 304,To to render witnesses that testify falsely liable for the punishment that th...,https://www.sefaria.org/Sefer_HaMitzvot%2C_Positive_Commandments.304?lang=bi
2026-05-02,319,Positive 305,To to behead a calf according to its commandment when a corpse is found in th...,https://www.sefaria.org/Sefer_HaMitzvot%2C_Positive_Commandments.305?lang=bi
2026-05-03,320,Positive 306,"To to prepare six cities of refuge, such that they be ready for the accidenta...",https://www.sefaria.org/Sefer_HaMitzvot%2C_Positive_Commandments.306?lang=bi
2026-05-04,321,Positive 307,"And that is that He commanded us to give cities to the Levites to dwell, sinc...",https://www.sefaria.org/Sefer_HaMitzvot%2C_Positive_Commandments.307?lang=bi
2026-05-05,322,Positive 308,To to remove obstacles and dangers from all of our inhabitations,https://www.sefaria.org/Sefer_HaMitzvot%2C_Positive_Commandments.308?lang=bi
2026-05-06,323,Positive 309,"To to destroy idolatry and all of its houses with all types of destruction, a...",https://www.sefaria.org/Sefer_HaMitzvot%2C_Positive_Commandments.309?lang=bi
2026-05-07,324,Positive 310,To to kill all the people of a condemned city (ir hanidachat) and to burn the...,https://www.sefaria.org/Sefer_HaMitzvot%2C_Positive_Commandments.310?lang=bi
2026-05-08,325,Positive 311,And that is that He commanded us to kill the seven nations that dwelled in th...,https://www.sefaria.org/Sefer_HaMitzvot%2C_Positive_Commandments.311?lang=bi
2026-05-09,326,Positive 312,"To to exclusively cut off the seed of Amalek - males, females, adults and chi...",https://www.sefaria.org/Sefer_HaMitzvot%2C_Positive_Commandments.312?lang=bi
2026-05-10,327,Positive 313,"To to remember what Amalek did to us in its coming forward to do us evil, to ...",https://www.sefaria.org/Sefer_HaMitzvot%2C_Positive_Commandments.313?lang=bi
2026-05-11,328,Positive 314,To the law that He gave to us in a war with the other nations; and that is ca...,https://www.sefaria.org/Sefer_HaMitzvot%2C_Positive_Commandments.314?lang=bi
2026-05-12,329,Positive 315,To to appoint a priest that rebukes the people with the rebukes [needed for a...,https://www.sefaria.org/Sefer_HaMitzvot%2C_Positive_Commandments.315?lang=bi
2026-05-13,330,Positive 316,"To that when our soldiers go out to war, we prepare them a path outside of th...",https://www.sefaria.org/Sefer_HaMitzvot%2C_Positive_Commandments.316?lang=bi
2026-05-14,331,Positive 317,To that there be a digging tool together with the other tools of war with eac...,https://www.sefaria.org/Sefer_HaMitzvot%2C_Positive_Commandments.317?lang=bi
2026-05-15,332,Positive 318,"To to return the stolen item itself, if it is still remaining as itself - wit...",https://www.sefaria.org/Sefer_HaMitzvot%2C_Positive_Commandments.318?lang=bi
2026-05-16,333,Positive 319,To to give charity (tzedekah) and to strengthen the weak and to ease [their s...,https://www.sefaria.org/Sefer_HaMitzvot%2C_Positive_Commandments.319?lang=bi
2026-05-17,334,Positive 320,"To to reward a Hebrew (Jewish) slave when he goes free, and not to have him l...",https://www.sefaria.org/Sefer_HaMitzvot%2C_Positive_Commandments.320?lang=bi
2026-05-18,335,Positive 321,"To to lend to the poor, to lighten his poverty from upon him and to ease [his...",https://www.sefaria.org/Sefer_HaMitzvot%2C_Positive_Commandments.321?lang=bi
2026-05-19,336,Positive 322,To to demand interest from idolaters,https://www.sefaria.org/Sefer_HaMitzvot%2C_Positive_Commandments.322?lang=bi
2026-05-20,337,Positive 323,To to return the surety to its Jewish owner at the time that he has a need fo...,https://www.sefaria.org/Sefer_HaMitzvot%2C_Positive_Commandments.323?lang=bi
2026-05-21,338,Positive 324,"To to give the wage of an employee on its day, and not to delay it to another...",https://www.sefaria.org/Sefer_HaMitzvot%2C_Positive_Commandments.324?lang=bi
2026-05-22,339,Positive 325,"To that an employee eat from the thing he is working upon, at the time of his...",https://www.sefaria.org/Sefer_HaMitzvot%2C_Positive_Commandments.325?lang=bi
2026-05-23,340,Positive 326,To to unload the load from upon an animal when it gets tired from its load up...,https://www.sefaria.org/Sefer_HaMitzvot%2C_Positive_Commandments.326?lang=bi
2026-05-24,341,Positive 327,"To to raise up the load upon an animal or a person when he is alone, after so...",https://www.sefaria.org/Sefer_HaMitzvot%2C_Positive_Commandments.327?lang=bi
2026-05-25,342,Positive 328,To to return a lost object to its owners,https://www.sefaria.org/Sefer_HaMitzvot%2C_Positive_Commandments.328?lang=bi
2026-05-26,343,Positive 329,"To to rebuke a sinner, or one who wants to sin, and to prevent him from it wi...",https://www.sefaria.org/Sefer_HaMitzvot%2C_Positive_Commandments.329?lang=bi
2026-05-27,344,Positive 330,"To to love each other like we love ourselves, and that one's love and compass...",https://www.sefaria.org/Sefer_HaMitzvot%2C_Positive_Commandments.330?lang=bi
2026-05-28,345,Positive 331,To to love converts,https://www.sefaria.org/Sefer_HaMitzvot%2C_Positive_Commandments.331?lang=bi
2026-05-29,346,Positive 332,"To to justify the leveler, the scales, the weights and the measures; and to m...",https://www.sefaria.org/Sefer_HaMitzvot%2C_Positive_Commandments.332?lang=bi
2026-05-30,347,Positive 333,"To to honor the sages, to rise in front of them and to glorify them",https://www.sefaria.org/Sefer_HaMitzvot%2C_Positive_Commandments.333?lang=bi
2026-05-31,348,Positive 334,To to honor [our] father and mother,https://www.sefaria.org/Sefer_HaMitzvot%2C_Positive_Commandments.334?lang=bi
2026-06-01,349,Positive 335,To to fear [our] father and mother - and that is that one behave with them ac...,https://www.sefaria.org/Sefer_HaMitzvot%2C_Positive_Commandments.335?lang=bi
2026-06-02,350,Positive 336,"To to be fruitful and multiply, with the intention of preserving the species",https://www.sefaria.org/Sefer_HaMitzvot%2C_Positive_Commandments.336?lang=bi
2026-06-03,351,Positive 337,To to marry with kiddushin: To give something into the hand of the woman; thr...,https://www.sefaria.org/Sefer_HaMitzvot%2C_Positive_Commandments.337?lang=bi
2026-06-04,352,Positive 338,"To that a groom be with his wife a full year, such that he not go outside of ...",https://www.sefaria.org/Sefer_HaMitzvot%2C_Positive_Commandments.338?lang=bi
2026-06-05,353,Positive 339,To to circumcise a boy,https://www.sefaria.org/Sefer_HaMitzvot%2C_Positive_Commandments.339?lang=bi
2026-06-06,354,Positive 340,To that a yavam (levirate husband) marry the wife of his brother when [the la...,https://www.sefaria.org/Sefer_HaMitzvot%2C_Positive_Commandments.340?lang=bi
2026-06-07,355,Positive 341,To that a yevamah (levirate wife) release her yavam if he does not marry her,https://www.sefaria.org/Sefer_HaMitzvot%2C_Positive_Commandments.341?lang=bi
2026-06-08,356,Positive 342,To that a rapist marry the woman he raped,https://www.sefaria.org/Sefer_HaMitzvot%2C_Positive_Commandments.342?lang=bi
2026-06-09,357,Positive 343,"To the law of the one who puts out a bad name - meaning to say, that He comma...",https://www.sefaria.org/Sefer_HaMitzvot%2C_Positive_Commandments.343?lang=bi
2026-06-10,358,Positive 344,To about the law of the seducer,https://www.sefaria.org/Sefer_HaMitzvot%2C_Positive_Commandments.344?lang=bi
2026-06-11,359,Positive 345,To about the law of the [captive woman of] beautiful form,https://www.sefaria.org/Sefer_HaMitzvot%2C_Positive_Commandments.345?lang=bi
2026-06-12,360,Positive 346,To - if one wants to divorce - to divorce with a contract under all circumsta...,https://www.sefaria.org/Sefer_HaMitzvot%2C_Positive_Commandments.346?lang=bi
2026-06-13,361,Positive 347,To about the law of the sotah (suspected adulteress),https://www.sefaria.org/Sefer_HaMitzvot%2C_Positive_Commandments.347?lang=bi
2026-06-14,362,Positive 348,To to give lashes with a whip to those that transgress certain commandments,https://www.sefaria.org/Sefer_HaMitzvot%2C_Positive_Commandments.348?lang=bi
2026-06-15,363,Positive 349,To to remove an accidental killer from his city to a city of refuge,https://www.sefaria.org/Sefer_HaMitzvot%2C_Positive_Commandments.349?lang=bi
2026-06-16,364,Positive 350,"To to kill, with a sword, those that transgress certain commandments",https://www.sefaria.org/Sefer_HaMitzvot%2C_Positive_Commandments.350?lang=bi
2026-06-17,365,Positive 351,To to strangle those that transgress certain commandments,https://www.sefaria.org/Sefer_HaMitzvot%2C_Positive_Commandments.351?lang=bi
2026-06-18,366,Positive 352,To to immolate those that transgress certain commandments,https://www.sefaria.org/Sefer_HaMitzvot%2C_Positive_Commandments.352?lang=bi
2026-06-19,367,Positive 353,To to stone those that transgress certain commandments,https://www.sefaria.org/Sefer_HaMitzvot%2C_Positive_Commandments.353?lang=bi
2026-06-20,368,Positive 354,To to hang some of those killed by the court,https://www.sefaria.org/Sefer_HaMitzvot%2C_Positive_Commandments.354?lang=bi
2026-06-21,369,Positive 355,To to bury those killed by the court on the day that they are killed,https://www.sefaria.org/Sefer_HaMitzvot%2C_Positive_Commandments.355?lang=bi
2026-06-22,370,Positive 356,That is that He commanded about the law of a Hebrew (Jewish) slave,https://www.sefaria.org/Sefer_HaMitzvot%2C_Positive_Commandments.356?lang=bi
2026-06-23,371,Positive 357,To that the master who acquired a Hebrew (Jewish) maidservant marry her - [he...,https://www.sefaria.org/Sefer_HaMitzvot%2C_Positive_Commandments.357?lang=bi
2026-06-24,372,Positive 358,To to redeem the Hebrew maidservant,https://www.sefaria.org/Sefer_HaMitzvot%2C_Positive_Commandments.358?lang=bi
2026-06-25,373,Positive 359,To about the law of the Canaanite (gentile) slave,https://www.sefaria.org/Sefer_HaMitzvot%2C_Positive_Commandments.359?lang=bi
2026-06-26,374,Positive 360,To about the law of one who injures his fellow,https://www.sefaria.org/Sefer_HaMitzvot%2C_Positive_Commandments.360?lang=bi
2026-06-27,375,Positive 361,To to administer the laws of the ox [that causes damage],https://www.sefaria.org/Sefer_HaMitzvot%2C_Positive_Commandments.361?lang=bi
2026-06-28,376,Positive 362,To to administer the laws of the pit [that causes damage],https://www.sefaria.org/Sefer_HaMitzvot%2C_Positive_Commandments.362?lang=bi
2026-06-29,377,Positive 363,To to administer the laws of the thief - that we fine him with the law of dou...,https://www.sefaria.org/Sefer_HaMitzvot%2C_Positive_Commandments.363?lang=bi
2026-06-30,378,Positive 364,To about the law of grazing,https://www.sefaria.org/Sefer_HaMitzvot%2C_Positive_Commandments.364?lang=bi
2026-07-01,379,Positive 365,To about the law of fire damage,https://www.sefaria.org/Sefer_HaMitzvot%2C_Positive_Commandments.365?lang=bi
2026-07-02,380,Positive 366,To about the law of the unpaid guardian,https://www.sefaria.org/Sefer_HaMitzvot%2C_Positive_Commandments.366?lang=bi
2026-07-03,381,Positive 367,To about the law of the [paid guardian] and the renter - since the law of the...,https://www.sefaria.org/Sefer_HaMitzvot%2C_Positive_Commandments.367?lang=bi
2026-07-04,382,Positive 368,To about the law of the borrower,https://www.sefaria.org/Sefer_HaMitzvot%2C_Positive_Commandments.368?lang=bi
2026-07-05,383,Positive 369,To about the law of buying and selling - meaning the ways in which the sale b...,https://www.sefaria.org/Sefer_HaMitzvot%2C_Positive_Commandments.369?lang=bi
2026-07-06,384,Positive 370,To about the law of claimant and defendant,https://www.sefaria.org/Sefer_HaMitzvot%2C_Positive_Commandments.370?lang=bi
2026-07-07,385,Positive 371,"To to save someone pursued, even through the life of the pursuer - meaning th...",https://www.sefaria.org/Sefer_HaMitzvot%2C_Positive_Commandments.371?lang=bi
2026-07-08,386,Positive 372,That is that He instructed us about the laws of inheritance,https://www.sefaria.org/Sefer_HaMitzvot%2C_Positive_Commandments.372?lang=bi
2026-07-09,387,Negative 1,That is that He prohibited us from believing in a god besides Him,https://www.sefaria.org/Sefer_HaMitzvot%2C_Negative_Commandments.1?lang=bi
2026-07-09,388,Negative 2,Not to from making an idol to serve - and there is no difference whether one ...,https://www.sefaria.org/Sefer_HaMitzvot%2C_Negative_Commandments.2?lang=bi
2026-07-10,389,Negative 3,Not to from making an idol to serve - and there is no difference whether one ...,https://www.sefaria.org/Sefer_HaMitzvot%2C_Negative_Commandments.3?lang=bi
2026-07-10,390,Negative 4,"Not to from making images from wood, stones, metal and other [substances] - a...",https://www.sefaria.org/Sefer_HaMitzvot%2C_Negative_Commandments.4?lang=bi
2026-07-11,391,Negative 5,"Not to from making an idol for those besides us, in order that they serve it ...",https://www.sefaria.org/Sefer_HaMitzvot%2C_Negative_Commandments.5?lang=bi
2026-07-11,392,Negative 6,"Not to from worshipping an idol, even besides the four ways that preceded; bu...",https://www.sefaria.org/Sefer_HaMitzvot%2C_Negative_Commandments.6?lang=bi
2026-07-12,393,Negative 7,"Not to from making images from wood, stones, metal and other [substances] - a...",https://www.sefaria.org/Sefer_HaMitzvot%2C_Negative_Commandments.7?lang=bi
2026-07-12,394,Negative 8,Not to from making an ov - and that is that one burn a certain incense and do...,https://www.sefaria.org/Sefer_HaMitzvot%2C_Negative_Commandments.8?lang=bi
2026-07-13,395,Negative 9,Not to from bowing to an idol,https://www.sefaria.org/Sefer_HaMitzvot%2C_Negative_Commandments.9?lang=bi
2026-07-13,396,Negative 10,Not to from inclining towards idolatry and occupying ourselves with its narra...,https://www.sefaria.org/Sefer_HaMitzvot%2C_Negative_Commandments.10?lang=bi
2026-07-14,397,Negative 11,"Not to from worshipping an idol, even besides the four ways that preceded; bu...",https://www.sefaria.org/Sefer_HaMitzvot%2C_Negative_Commandments.11?lang=bi
2026-07-14,398,Negative 12,"Not to from making a stone that is designed to bowing upon, even if this was ...",https://www.sefaria.org/Sefer_HaMitzvot%2C_Negative_Commandments.12?lang=bi
2026-07-15,399,Negative 13,Not to from giving over some of our children to that object of worship that w...,https://www.sefaria.org/Sefer_HaMitzvot%2C_Negative_Commandments.13?lang=bi
2026-07-15,400,Negative 14,Not to from swearing by an idol,https://www.sefaria.org/Sefer_HaMitzvot%2C_Negative_Commandments.14?lang=bi
2026-07-16,401,Negative 15,Not to from making an ov - and that is that one burn a certain incense and do...,https://www.sefaria.org/Sefer_HaMitzvot%2C_Negative_Commandments.15?lang=bi
2026-07-16,402,Negative 16,Not to from inciting,https://www.sefaria.org/Sefer_HaMitzvot%2C_Negative_Commandments.16?lang=bi
2026-07-17,403,Negative 17,Not to from doing the procedure of the yidaoni - and this too is one of the t...,https://www.sefaria.org/Sefer_HaMitzvot%2C_Negative_Commandments.17?lang=bi
2026-07-17,404,Negative 18,That an incited one refrain from lightening the grudge against the inciter,https://www.sefaria.org/Sefer_HaMitzvot%2C_Negative_Commandments.18?lang=bi
2026-07-18,405,Negative 19,Not to from inclining towards idolatry and occupying ourselves with its narra...,https://www.sefaria.org/Sefer_HaMitzvot%2C_Negative_Commandments.19?lang=bi
2026-07-18,406,Negative 20,That He prohibited an incited one from arguing the merit of the inciter,https://www.sefaria.org/Sefer_HaMitzvot%2C_Negative_Commandments.20?lang=bi
2026-07-19,407,Negative 21,"Not to from making a pillar to which we attach ourselves and honor, even if i...",https://www.sefaria.org/Sefer_HaMitzvot%2C_Negative_Commandments.21?lang=bi
2026-07-19,408,Negative 22,Not to from benefiting from the ornaments with which an idol is decorated,https://www.sefaria.org/Sefer_HaMitzvot%2C_Negative_Commandments.22?lang=bi
2026-07-20,409,Negative 23,"Not to from making a stone that is designed to bowing upon, even if this was ...",https://www.sefaria.org/Sefer_HaMitzvot%2C_Negative_Commandments.23?lang=bi
2026-07-20,410,Negative 24,"Not to - that we not benefit from, or at all hold on to, wealth from a condem...",https://www.sefaria.org/Sefer_HaMitzvot%2C_Negative_Commandments.24?lang=bi
2026-07-21,411,Negative 25,That is that we have been prevented from planting trees in the Temple or next...,https://www.sefaria.org/Sefer_HaMitzvot%2C_Negative_Commandments.25?lang=bi
2026-07-21,412,Negative 26,Not to from prophesying in its name,https://www.sefaria.org/Sefer_HaMitzvot%2C_Negative_Commandments.26?lang=bi
2026-07-22,413,Negative 27,Not to from swearing by an idol,https://www.sefaria.org/Sefer_HaMitzvot%2C_Negative_Commandments.27?lang=bi
2026-07-22,414,Negative 28,Not to from listening to one who prophesies in the name of an idol,https://www.sefaria.org/Sefer_HaMitzvot%2C_Negative_Commandments.28?lang=bi
2026-07-23,415,Negative 29,"Not to from preaching for an idol, and [for one] to call people to serve it a...",https://www.sefaria.org/Sefer_HaMitzvot%2C_Negative_Commandments.29?lang=bi
2026-07-23,416,Negative 30,"He prohibited us from following in the ways of the idolaters, and from behavi...",https://www.sefaria.org/Sefer_HaMitzvot%2C_Negative_Commandments.30?lang=bi
2026-07-24,417,Negative 31,Not to from inciting,https://www.sefaria.org/Sefer_HaMitzvot%2C_Negative_Commandments.31?lang=bi
2026-07-24,418,Negative 32,He prohibited us from doing actions chosen by astrology,https://www.sefaria.org/Sefer_HaMitzvot%2C_Negative_Commandments.32?lang=bi
2026-07-25,419,Negative 33,That He prohibited an incited one from loving the inciter and from listening ...,https://www.sefaria.org/Sefer_HaMitzvot%2C_Negative_Commandments.33?lang=bi
2026-07-25,420,Negative 34,He prohibited us from witchcraft entirely,https://www.sefaria.org/Sefer_HaMitzvot%2C_Negative_Commandments.34?lang=bi
2026-07-26,421,Negative 35,That an incited one refrain from lightening the grudge against the inciter,https://www.sefaria.org/Sefer_HaMitzvot%2C_Negative_Commandments.35?lang=bi
2026-07-26,422,Negative 36,Not to from inquiring of someone with an ov,https://www.sefaria.org/Sefer_HaMitzvot%2C_Negative_Commandments.36?lang=bi
2026-07-27,423,Negative 37,That He prohibited an incited one from saving the inciter when he sees him in...,https://www.sefaria.org/Sefer_HaMitzvot%2C_Negative_Commandments.37?lang=bi
2026-07-27,424,Negative 38,He prohibited us from inquiring of the dead - as is thought by those that are...,https://www.sefaria.org/Sefer_HaMitzvot%2C_Negative_Commandments.38?lang=bi
2026-07-28,425,Negative 39,That He prohibited an incited one from arguing the merit of the inciter,https://www.sefaria.org/Sefer_HaMitzvot%2C_Negative_Commandments.39?lang=bi
2026-07-28,426,Negative 40,Not to from men adorning themselves with women's ornaments,https://www.sefaria.org/Sefer_HaMitzvot%2C_Negative_Commandments.40?lang=bi
2026-07-29,427,Negative 41,That He prohibited an incited one from being silent about something incrimina...,https://www.sefaria.org/Sefer_HaMitzvot%2C_Negative_Commandments.41?lang=bi
2026-07-29,428,Negative 42,"He prohibited us from wearing a garment woven of wool and linen, like that wh...",https://www.sefaria.org/Sefer_HaMitzvot%2C_Negative_Commandments.42?lang=bi
2026-07-30,429,Negative 43,Not to from benefiting from the ornaments with which an idol is decorated,https://www.sefaria.org/Sefer_HaMitzvot%2C_Negative_Commandments.43?lang=bi
2026-07-30,430,Negative 44,Not to from shaving the beard - and that is [specifically] five parts [of it]...,https://www.sefaria.org/Sefer_HaMitzvot%2C_Negative_Commandments.44?lang=bi
2026-07-31,431,Negative 45,Not to from rebuilding a condemned city,https://www.sefaria.org/Sefer_HaMitzvot%2C_Negative_Commandments.45?lang=bi
2026-07-31,432,Negative 46,"Not to from dwelling in the Land of Egypt forever, so that we not learn from ...",https://www.sefaria.org/Sefer_HaMitzvot%2C_Negative_Commandments.46?lang=bi
2026-08-01,433,Negative 47,"Not to - that we not benefit from, or at all hold on to, wealth from a condem...",https://www.sefaria.org/Sefer_HaMitzvot%2C_Negative_Commandments.47?lang=bi
2026-08-01,434,Negative 48,"He prohibited us from making a covenant with the heretics - meaning, with the...",https://www.sefaria.org/Sefer_HaMitzvot%2C_Negative_Commandments.48?lang=bi
2026-08-02,435,Negative 49,Not to from attaching something from an idol to our wealth,https://www.sefaria.org/Sefer_HaMitzvot%2C_Negative_Commandments.49?lang=bi
2026-08-02,436,Negative 50,He prohibited us from at all pitying idolaters and from lauding anything part...,https://www.sefaria.org/Sefer_HaMitzvot%2C_Negative_Commandments.50?lang=bi
2026-08-03,437,Negative 51,Not to from prophesying in its name,https://www.sefaria.org/Sefer_HaMitzvot%2C_Negative_Commandments.51?lang=bi
2026-08-03,438,Negative 52,He prohibited us from marrying heretics,https://www.sefaria.org/Sefer_HaMitzvot%2C_Negative_Commandments.52?lang=bi
2026-08-04,439,Negative 53,Not to from prophesying falsely,https://www.sefaria.org/Sefer_HaMitzvot%2C_Negative_Commandments.53?lang=bi
2026-08-04,440,Negative 54,Not to from distancing the descendants of Esav after they have entered the [J...,https://www.sefaria.org/Sefer_HaMitzvot%2C_Negative_Commandments.54?lang=bi
2026-08-05,441,Negative 55,Not to from listening to one who prophesies in the name of an idol,https://www.sefaria.org/Sefer_HaMitzvot%2C_Negative_Commandments.55?lang=bi
2026-08-05,442,Negative 56,Not to from ever making peace with Ammon and Moab,https://www.sefaria.org/Sefer_HaMitzvot%2C_Negative_Commandments.56?lang=bi
2026-08-06,443,Negative 57,"Not to - that we not be afraid of the false prophet, nor be negligent about k...",https://www.sefaria.org/Sefer_HaMitzvot%2C_Negative_Commandments.57?lang=bi
2026-08-06,444,Negative 58,"Not to from being afraid of the enemies during the time of war, and that we n...",https://www.sefaria.org/Sefer_HaMitzvot%2C_Negative_Commandments.58?lang=bi
2026-08-07,445,Negative 59,"He prohibited us from following in the ways of the idolaters, and from behavi...",https://www.sefaria.org/Sefer_HaMitzvot%2C_Negative_Commandments.59?lang=bi
2026-08-07,446,Negative 60,"Not to from cursing the great God, may He be greatly exalted from that which ...",https://www.sefaria.org/Sefer_HaMitzvot%2C_Negative_Commandments.60?lang=bi
2026-08-08,447,Negative 61,"He prohibited us from divination - meaning to say, that one moves the faculty...",https://www.sefaria.org/Sefer_HaMitzvot%2C_Negative_Commandments.61?lang=bi
2026-08-08,448,Negative 62,Not to - that we not make a vain oath,https://www.sefaria.org/Sefer_HaMitzvot%2C_Negative_Commandments.62?lang=bi
2026-08-09,449,Negative 63,He prohibited us from doing actions chosen by astrology,https://www.sefaria.org/Sefer_HaMitzvot%2C_Negative_Commandments.63?lang=bi
2026-08-09,450,Negative 64,Not to - not to test [His] assurances and threats of which His prophets have ...,https://www.sefaria.org/Sefer_HaMitzvot%2C_Negative_Commandments.64?lang=bi
2026-08-10,451,Negative 65,"Not to from soothsaying, such as the statement of the empty ones - ""I have al...",https://www.sefaria.org/Sefer_HaMitzvot%2C_Negative_Commandments.65?lang=bi
2026-08-10,452,Negative 66,Not to from leaving one hung on a tree overnight; so that the 'blessing' of G...,https://www.sefaria.org/Sefer_HaMitzvot%2C_Negative_Commandments.66?lang=bi
2026-08-11,453,Negative 67,He prohibited us from witchcraft entirely,https://www.sefaria.org/Sefer_HaMitzvot%2C_Negative_Commandments.67?lang=bi
2026-08-11,454,Negative 68,"That He prohibited the high priest from entering the Temple at any time, due ...",https://www.sefaria.org/Sefer_HaMitzvot%2C_Negative_Commandments.68?lang=bi
2026-08-12,455,Negative 69,He prohibited us from being a charmer - and that is saying things that they t...,https://www.sefaria.org/Sefer_HaMitzvot%2C_Negative_Commandments.69?lang=bi
2026-08-12,456,Negative 70,That He prohibited a priest with a permanent blemish to serve [in the Temple],https://www.sefaria.org/Sefer_HaMitzvot%2C_Negative_Commandments.70?lang=bi
2026-08-13,457,Negative 71,Not to from inquiring of someone with an ov,https://www.sefaria.org/Sefer_HaMitzvot%2C_Negative_Commandments.71?lang=bi
2026-08-13,458,Negative 72,That He prohibited the Levites from occupying themselves with any of the serv...,https://www.sefaria.org/Sefer_HaMitzvot%2C_Negative_Commandments.72?lang=bi
2026-08-14,459,Negative 73,Not to from inquiring of a yidaoni,https://www.sefaria.org/Sefer_HaMitzvot%2C_Negative_Commandments.73?lang=bi
2026-08-14,460,Negative 74,That He prohibited an outsider (zar) from serving in the Temple - meaning to ...,https://www.sefaria.org/Sefer_HaMitzvot%2C_Negative_Commandments.74?lang=bi
2026-08-15,461,Negative 75,He prohibited us from inquiring of the dead - as is thought by those that are...,https://www.sefaria.org/Sefer_HaMitzvot%2C_Negative_Commandments.75?lang=bi
2026-08-15,462,Negative 76,That He prohibited a priest that has immersed on that day (tevul yom) from se...,https://www.sefaria.org/Sefer_HaMitzvot%2C_Negative_Commandments.76?lang=bi
2026-08-16,463,Negative 77,"Not to from being drawn to the practices of the idolaters, such that women we...",https://www.sefaria.org/Sefer_HaMitzvot%2C_Negative_Commandments.77?lang=bi
2026-08-16,464,Negative 78,That He prohibited any impure person from entering the camp of the Levites - ...,https://www.sefaria.org/Sefer_HaMitzvot%2C_Negative_Commandments.78?lang=bi
2026-08-17,465,Negative 79,Not to from men adorning themselves with women's ornaments,https://www.sefaria.org/Sefer_HaMitzvot%2C_Negative_Commandments.79?lang=bi
2026-08-17,466,Negative 80,"Not to from ascending the altar by steps - so that one not take a large step,...",https://www.sefaria.org/Sefer_HaMitzvot%2C_Negative_Commandments.80?lang=bi
2026-08-18,467,Negative 81,"Not to from inscribing colors - such as blue, violet and others - on our bodi...",https://www.sefaria.org/Sefer_HaMitzvot%2C_Negative_Commandments.81?lang=bi
2026-08-18,468,Negative 82,Not to from offering any sacrifices on top of the golden altar in the sanctuary,https://www.sefaria.org/Sefer_HaMitzvot%2C_Negative_Commandments.82?lang=bi
2026-08-19,469,Negative 83,"He prohibited us from wearing a garment woven of wool and linen, like that wh...",https://www.sefaria.org/Sefer_HaMitzvot%2C_Negative_Commandments.83?lang=bi
2026-08-19,470,Negative 84,He prohibited us from anointing [anyone] besides the high priests and kings w...,https://www.sefaria.org/Sefer_HaMitzvot%2C_Negative_Commandments.84?lang=bi
2026-08-20,471,Negative 85,He prohibited us from removing the hair of the temples,https://www.sefaria.org/Sefer_HaMitzvot%2C_Negative_Commandments.85?lang=bi
2026-08-20,472,Negative 86,He prohibited us from removing the poles of the ark from the rings,https://www.sefaria.org/Sefer_HaMitzvot%2C_Negative_Commandments.86?lang=bi
2026-08-21,473,Negative 87,Not to from shaving the beard - and that is [specifically] five parts [of it]...,https://www.sefaria.org/Sefer_HaMitzvot%2C_Negative_Commandments.87?lang=bi
2026-08-21,474,Negative 88,"He prohibited us from tearing the edge of the robe of the high priest, but it...",https://www.sefaria.org/Sefer_HaMitzvot%2C_Negative_Commandments.88?lang=bi
2026-08-22,475,Negative 89,"Not to from making a laceration for the dead in our flesh, like the idol wors...",https://www.sefaria.org/Sefer_HaMitzvot%2C_Negative_Commandments.89?lang=bi
2026-08-22,476,Negative 90,Not to from slaughtering any of the sacrifices outside,https://www.sefaria.org/Sefer_HaMitzvot%2C_Negative_Commandments.90?lang=bi
2026-08-23,477,Negative 91,"Not to from dwelling in the Land of Egypt forever, so that we not learn from ...",https://www.sefaria.org/Sefer_HaMitzvot%2C_Negative_Commandments.91?lang=bi
2026-08-23,478,Negative 92,He prohibited us from sacrificing animals with blemishes,https://www.sefaria.org/Sefer_HaMitzvot%2C_Negative_Commandments.92?lang=bi
2026-08-24,479,Negative 93,He prohibited us that we not wander after our hearts to the point that we bel...,https://www.sefaria.org/Sefer_HaMitzvot%2C_Negative_Commandments.93?lang=bi
2026-08-24,480,Negative 94,He prohibited us from burning up animals with blemishes,https://www.sefaria.org/Sefer_HaMitzvot%2C_Negative_Commandments.94?lang=bi
2026-08-25,481,Negative 95,"He prohibited us from making a covenant with the heretics - meaning, with the...",https://www.sefaria.org/Sefer_HaMitzvot%2C_Negative_Commandments.95?lang=bi
2026-08-25,482,Negative 96,He prohibited us from offering the sacrifices of gentiles when they are anima...,https://www.sefaria.org/Sefer_HaMitzvot%2C_Negative_Commandments.96?lang=bi
2026-08-26,483,Negative 97,He prohibited us from keeping someone from the seven nations alive - so that ...,https://www.sefaria.org/Sefer_HaMitzvot%2C_Negative_Commandments.97?lang=bi
2026-08-26,484,Negative 98,He prohibited us from offering leaven or honey,https://www.sefaria.org/Sefer_HaMitzvot%2C_Negative_Commandments.98?lang=bi
2026-08-27,485,Negative 99,He prohibited us from at all pitying idolaters and from lauding anything part...,https://www.sefaria.org/Sefer_HaMitzvot%2C_Negative_Commandments.99?lang=bi
2026-08-27,486,Negative 100,He prohibited us from offering a harlot's fee or the sale revenue for a dog,https://www.sefaria.org/Sefer_HaMitzvot%2C_Negative_Commandments.100?lang=bi
2026-08-28,487,Negative 101,"He prohibited us from settling idol worshippers in our land, so that we not l...",https://www.sefaria.org/Sefer_HaMitzvot%2C_Negative_Commandments.101?lang=bi
2026-08-28,488,Negative 102,He prohibited us from placing olive oil in the meal-offering of a sinner,https://www.sefaria.org/Sefer_HaMitzvot%2C_Negative_Commandments.102?lang=bi
2026-08-29,489,Negative 103,He prohibited us from marrying heretics,https://www.sefaria.org/Sefer_HaMitzvot%2C_Negative_Commandments.103?lang=bi
2026-08-29,490,Negative 104,He prohibited us from mixing the meal-offering of a sotah (suspected adultere...,https://www.sefaria.org/Sefer_HaMitzvot%2C_Negative_Commandments.104?lang=bi
2026-08-30,491,Negative 105,Not to from marrying Ammonites and Moabites - exclusively the males - even af...,https://www.sefaria.org/Sefer_HaMitzvot%2C_Negative_Commandments.105?lang=bi
2026-08-30,492,Negative 106,He prohibited us from substituting consecrated animals,https://www.sefaria.org/Sefer_HaMitzvot%2C_Negative_Commandments.106?lang=bi
2026-08-31,493,Negative 107,Not to from distancing the descendants of Esav after they have entered the [J...,https://www.sefaria.org/Sefer_HaMitzvot%2C_Negative_Commandments.107?lang=bi
2026-08-31,494,Negative 108,He prohibited us from redeeming a pure firstborn animal,https://www.sefaria.org/Sefer_HaMitzvot%2C_Negative_Commandments.108?lang=bi
2026-09-01,495,Negative 109,"Not to - not to distance the Egyptians and to abhor marriage to them, after t...",https://www.sefaria.org/Sefer_HaMitzvot%2C_Negative_Commandments.109?lang=bi
2026-09-01,496,Negative 110,He prohibited us from selling a field which its owners have dedicated - and e...,https://www.sefaria.org/Sefer_HaMitzvot%2C_Negative_Commandments.110?lang=bi
2026-09-02,497,Negative 111,Not to from ever making peace with Ammon and Moab,https://www.sefaria.org/Sefer_HaMitzvot%2C_Negative_Commandments.111?lang=bi
2026-09-02,498,Negative 112,He prohibited us from severing the head of the fowl sin-offering at the time ...,https://www.sefaria.org/Sefer_HaMitzvot%2C_Negative_Commandments.112?lang=bi
2026-09-03,499,Negative 113,"That when we go to besiege a city, He prohibited us from destroying trees in ...",https://www.sefaria.org/Sefer_HaMitzvot%2C_Negative_Commandments.113?lang=bi
2026-09-03,500,Negative 114,He prohibited us from shearing the wool of consecrated animals,https://www.sefaria.org/Sefer_HaMitzvot%2C_Negative_Commandments.114?lang=bi
2026-09-04,501,Negative 115,"Not to from being afraid of the enemies during the time of war, and that we n...",https://www.sefaria.org/Sefer_HaMitzvot%2C_Negative_Commandments.115?lang=bi
2026-09-04,502,Negative 116,He prohibited us from leaving over the innards of the Pesach-sacrifice that w...,https://www.sefaria.org/Sefer_HaMitzvot%2C_Negative_Commandments.116?lang=bi
2026-09-05,503,Negative 117,He prohibited us from forgetting that which the descendants of Amalek did to ...,https://www.sefaria.org/Sefer_HaMitzvot%2C_Negative_Commandments.117?lang=bi
2026-09-05,504,Negative 118,He prohibited us from leaving over any of the meat of the festival-offering t...,https://www.sefaria.org/Sefer_HaMitzvot%2C_Negative_Commandments.118?lang=bi
2026-09-06,505,Negative 119,"Not to from cursing the great God, may He be greatly exalted from that which ...",https://www.sefaria.org/Sefer_HaMitzvot%2C_Negative_Commandments.119?lang=bi
2026-09-06,506,Negative 120,He prohibited us from leaving over any of the meat of the thanksgiving-offeri...,https://www.sefaria.org/Sefer_HaMitzvot%2C_Negative_Commandments.120?lang=bi
2026-09-07,507,Negative 121,Not to from violating an oath on an utterance,https://www.sefaria.org/Sefer_HaMitzvot%2C_Negative_Commandments.121?lang=bi
2026-09-07,508,Negative 122,He prohibited us from breaking one of the bones of the Second Pesach-offering,https://www.sefaria.org/Sefer_HaMitzvot%2C_Negative_Commandments.122?lang=bi
2026-09-08,509,Negative 123,Not to - that we not make a vain oath,https://www.sefaria.org/Sefer_HaMitzvot%2C_Negative_Commandments.123?lang=bi
2026-09-08,510,Negative 124,He prohibited us from baking the remainders of the meal-offerings leavened (c...,https://www.sefaria.org/Sefer_HaMitzvot%2C_Negative_Commandments.124?lang=bi
2026-09-09,511,Negative 125,Not to from desecrating [God's] name,https://www.sefaria.org/Sefer_HaMitzvot%2C_Negative_Commandments.125?lang=bi
2026-09-09,512,Negative 126,Not to from feeding the Pesach-offering to a resident alien (ger toshav),https://www.sefaria.org/Sefer_HaMitzvot%2C_Negative_Commandments.126?lang=bi
2026-09-10,513,Negative 127,Not to - not to test [His] assurances and threats of which His prophets have ...,https://www.sefaria.org/Sefer_HaMitzvot%2C_Negative_Commandments.127?lang=bi
2026-09-10,514,Negative 128,Not to from feeding the Pesach-offering to an Israelite who has defected,https://www.sefaria.org/Sefer_HaMitzvot%2C_Negative_Commandments.128?lang=bi
2026-09-11,515,Negative 129,Not to from smashing and destroying houses of divine service; and from destro...,https://www.sefaria.org/Sefer_HaMitzvot%2C_Negative_Commandments.129?lang=bi
2026-09-11,516,Negative 130,Not to from eating consecrated meat that has become impure,https://www.sefaria.org/Sefer_HaMitzvot%2C_Negative_Commandments.130?lang=bi
2026-09-12,517,Negative 131,Not to from leaving one hung on a tree overnight; so that the 'blessing' of G...,https://www.sefaria.org/Sefer_HaMitzvot%2C_Negative_Commandments.131?lang=bi
2026-09-12,518,Negative 132,Not to from eating piggul,https://www.sefaria.org/Sefer_HaMitzvot%2C_Negative_Commandments.132?lang=bi
2026-09-13,519,Negative 133,Not to from being lethargic in guarding the Temple and constantly walking aro...,https://www.sefaria.org/Sefer_HaMitzvot%2C_Negative_Commandments.133?lang=bi
2026-09-13,520,Negative 134,"That He prohibited a tenant of a priest, or his hired servant from eating the...",https://www.sefaria.org/Sefer_HaMitzvot%2C_Negative_Commandments.134?lang=bi
2026-09-14,521,Negative 135,"That He prohibited the high priest from entering the Temple at any time, due ...",https://www.sefaria.org/Sefer_HaMitzvot%2C_Negative_Commandments.135?lang=bi
2026-09-14,522,Negative 136,He prohibited an impure priest from eating the priestly tithe,https://www.sefaria.org/Sefer_HaMitzvot%2C_Negative_Commandments.136?lang=bi
2026-09-15,523,Negative 137,That He prohibited a priest with a blemish to enter the Temple - meaning to s...,https://www.sefaria.org/Sefer_HaMitzvot%2C_Negative_Commandments.137?lang=bi
2026-09-15,524,Negative 138,Not to from eating a meal-offering of a priest,https://www.sefaria.org/Sefer_HaMitzvot%2C_Negative_Commandments.138?lang=bi
2026-09-16,525,Negative 139,That He prohibited a priest with a permanent blemish to serve [in the Temple],https://www.sefaria.org/Sefer_HaMitzvot%2C_Negative_Commandments.139?lang=bi
2026-09-16,526,Negative 140,Not to from eating disqualified consecrated foods that are not permissible to...,https://www.sefaria.org/Sefer_HaMitzvot%2C_Negative_Commandments.140?lang=bi
2026-09-17,527,Negative 141,That He prohibited a priest with a temporary blemish - such as scurvy or a sc...,https://www.sefaria.org/Sefer_HaMitzvot%2C_Negative_Commandments.141?lang=bi
2026-09-17,528,Negative 142,"Not to from consuming the second tithe from wine, outside of Jerusalem",https://www.sefaria.org/Sefer_HaMitzvot%2C_Negative_Commandments.142?lang=bi
2026-09-18,529,Negative 143,That He prohibited the Levites from occupying themselves with any of the serv...,https://www.sefaria.org/Sefer_HaMitzvot%2C_Negative_Commandments.143?lang=bi
2026-09-18,530,Negative 144,Not to from eating a firstborn animal outside of Jerusalem when it is flawless,https://www.sefaria.org/Sefer_HaMitzvot%2C_Negative_Commandments.144?lang=bi
2026-09-19,531,Negative 145,Not to from entering the Temple or giving instruction about one of the laws o...,https://www.sefaria.org/Sefer_HaMitzvot%2C_Negative_Commandments.145?lang=bi
2026-09-19,532,Negative 146,Not to from eating the meat of a burnt-offering,https://www.sefaria.org/Sefer_HaMitzvot%2C_Negative_Commandments.146?lang=bi
2026-09-20,533,Negative 147,That He prohibited an outsider (zar) from serving in the Temple - meaning to ...,https://www.sefaria.org/Sefer_HaMitzvot%2C_Negative_Commandments.147?lang=bi
2026-09-20,534,Negative 148,Not to - that an outsider not eat higher consecrated food (kodeshei hakodashim),https://www.sefaria.org/Sefer_HaMitzvot%2C_Negative_Commandments.148?lang=bi
2026-09-21,535,Negative 149,That He prohibited an impure priest from serving [in the Temple],https://www.sefaria.org/Sefer_HaMitzvot%2C_Negative_Commandments.149?lang=bi
2026-09-21,536,Negative 150,Not to from eating second tithe when impure - even in Jerusalem - until it ha...,https://www.sefaria.org/Sefer_HaMitzvot%2C_Negative_Commandments.150?lang=bi
2026-09-22,537,Negative 151,That He prohibited a priest that has immersed on that day (tevul yom) from se...,https://www.sefaria.org/Sefer_HaMitzvot%2C_Negative_Commandments.151?lang=bi
2026-09-22,538,Negative 152,He prohibited us from spending the [redemption] money of second tithe except ...,https://www.sefaria.org/Sefer_HaMitzvot%2C_Negative_Commandments.152?lang=bi
2026-09-23,539,Negative 153,That He prohibited any impure person from entering the Sanctuary (the Taberna...,https://www.sefaria.org/Sefer_HaMitzvot%2C_Negative_Commandments.153?lang=bi
2026-09-23,540,Negative 154,"He prohibited having some laws of [produce] precede others, but they should r...",https://www.sefaria.org/Sefer_HaMitzvot%2C_Negative_Commandments.154?lang=bi
2026-09-24,541,Negative 155,That He prohibited any impure person from entering the camp of the Levites - ...,https://www.sefaria.org/Sefer_HaMitzvot%2C_Negative_Commandments.155?lang=bi
2026-09-24,542,Negative 156,"Not to from going up on pilgrimage without there being a sacrifice with us, s...",https://www.sefaria.org/Sefer_HaMitzvot%2C_Negative_Commandments.156?lang=bi
2026-09-25,543,Negative 157,Not to from building an altar of stones that have been touched by iron,https://www.sefaria.org/Sefer_HaMitzvot%2C_Negative_Commandments.157?lang=bi
2026-09-25,544,Negative 158,That He prohibited a priest from taking (marrying) a zonah (a woman who had s...,https://www.sefaria.org/Sefer_HaMitzvot%2C_Negative_Commandments.158?lang=bi
2026-09-26,545,Negative 159,"Not to from ascending the altar by steps - so that one not take a large step,...",https://www.sefaria.org/Sefer_HaMitzvot%2C_Negative_Commandments.159?lang=bi
2026-09-26,546,Negative 160,That He prohibited a priest - that he not take (marry) a divorcee,https://www.sefaria.org/Sefer_HaMitzvot%2C_Negative_Commandments.160?lang=bi
2026-09-27,547,Negative 161,Not to from extinguishing the fire on top of the altar,https://www.sefaria.org/Sefer_HaMitzvot%2C_Negative_Commandments.161?lang=bi
2026-09-27,548,Negative 162,"He prohibited a high priest - that he not have sexual relations with a widow,...",https://www.sefaria.org/Sefer_HaMitzvot%2C_Negative_Commandments.162?lang=bi
2026-09-28,549,Negative 163,Not to from offering any sacrifices on top of the golden altar in the sanctuary,https://www.sefaria.org/Sefer_HaMitzvot%2C_Negative_Commandments.163?lang=bi
2026-09-28,550,Negative 164,That He prohibited the priests from entering the Temple and having torn garments,https://www.sefaria.org/Sefer_HaMitzvot%2C_Negative_Commandments.164?lang=bi
2026-09-29,551,Negative 165,Not to from making oil like the anointing oil,https://www.sefaria.org/Sefer_HaMitzvot%2C_Negative_Commandments.165?lang=bi
2026-09-29,552,Negative 166,"That He prohibited an ordinary priest from becoming impure for the dead, othe...",https://www.sefaria.org/Sefer_HaMitzvot%2C_Negative_Commandments.166?lang=bi
2026-09-30,553,Negative 167,He prohibited us from anointing [anyone] besides the high priests and kings w...,https://www.sefaria.org/Sefer_HaMitzvot%2C_Negative_Commandments.167?lang=bi
2026-09-30,554,Negative 168,He prohibited a high priest from becoming impure from any dead body in any fo...,https://www.sefaria.org/Sefer_HaMitzvot%2C_Negative_Commandments.168?lang=bi
2026-10-01,555,Negative 169,He prohibited us from making a vapor with the configuration of the [Temple] i...,https://www.sefaria.org/Sefer_HaMitzvot%2C_Negative_Commandments.169?lang=bi
2026-10-01,556,Negative 170,It is the prohibition that the entire tribe of Levi  was also prohibited from...,https://www.sefaria.org/Sefer_HaMitzvot%2C_Negative_Commandments.170?lang=bi
2026-10-02,557,Negative 171,He prohibited us from removing the poles of the ark from the rings,https://www.sefaria.org/Sefer_HaMitzvot%2C_Negative_Commandments.171?lang=bi
2026-10-02,558,Negative 172,He prohibited us from eating impure (domesticated) beasts and impure (wild) a...,https://www.sefaria.org/Sefer_HaMitzvot%2C_Negative_Commandments.172?lang=bi
2026-10-03,559,Negative 173,He prohibited us from removing the breastplate from the ephod (a type of apro...,https://www.sefaria.org/Sefer_HaMitzvot%2C_Negative_Commandments.173?lang=bi
2026-10-04,560,Negative 174,"He prohibited us from tearing the edge of the robe of the high priest, but it...",https://www.sefaria.org/Sefer_HaMitzvot%2C_Negative_Commandments.174?lang=bi
